Date,Time,Action,Direction,EntryType,Score,SpreadScore,BodyScore,AlignScore,WickScore,MomentumScore,ATRScore,EntryPrice,ExitPrice,StopPrice,SMA20,SMA200,Spread,ATR,PnL,DailyPnL,TotalPnL,ExitReason,TradesToday,BreatheWhipsaws
2026-01-28,09:36,ENTRY,LONG,Pullback,61,9,51,5,10,0,40,0,88,9,100,0,63,2,26476,75,0,00,26468,75,26470,23,26501,98,31,75,14,33,0,00,0,00,0,00,,1,0
2026-01-28,09:38,EXIT,LONG,Pullback,61,9,51,5,10,0,40,0,88,9,100,0,63,2,26476,75,26449,25,26468,75,26468,80,26501,59,32,79,15,39,-55,00,-55,00,-55,00,BreatheWhipsaw,1,1
2026-01-28,09:40,ENTRY,SHORT,Ruptura,81,4,53,8,78,7,100,0,100,0,75,0,69,1,26434,75,0,00,26447,41,26466,55,26501,14,34,59,15,88,0,00,-55,00,-55,00,,2,1
2026-01-28,09:42,EXIT,SHORT,Ruptura,81,4,53,8,78,7,100,0,100,0,75,0,69,1,26434,75,26459,00,26447,41,26465,13,26500,79,35,66,16,84,-48,50,-103,50,-103,50,BreatheWhipsaw,2,2
2026-01-28,10:50,ENTRY,SHORT,Ruptura,83,4,73,8,90,2,100,0,80,6,100,0,57,0,26382,00,0,00,26398,14,26432,25,26490,85,58,60,21,52,0,00,-103,50,-103,50,,3,2
2026-01-28,10:52,EXIT,SHORT,Ruptura,83,4,73,8,90,2,100,0,80,6,100,0,57,0,26382,00,26401,50,26398,14,26429,50,26490,40,60,90,21,59,-39,00,-142,50,-142,50,BreatheWhipsaw,3,3
2026-01-28,11:44,ENTRY,SHORT,Ruptura,85,3,100,0,100,0,100,0,100,0,75,0,38,9,26352,50,0,00,26365,72,26382,56,26477,14,94,58,16,96,0,00,-142,50,-142,50,,4,3
2026-01-28,12:00,EXIT,SHORT,Ruptura,85,3,100,0,100,0,100,0,100,0,75,0,38,9,26352,50,26336,75,26332,75,26358,05,26470,55,112,50,16,42,31,50,-111,00,-111,00,TrailStop,4,3
2026-01-28,12:02,ENTRY,SHORT,Tendencia,68,2,100,0,33,2,100,0,25,3,50,0,40,2,26330,75,0,00,26345,25,26355,36,26469,73,114,37,16,36,0,00,-111,00,-111,00,,5,3
2026-01-28,12:06,EXIT,SHORT,Tendencia,68,2,100,0,33,2,100,0,25,3,50,0,40,2,26330,75,26351,75,26345,25,26352,44,26468,17,115,74,16,54,-42,00,-153,00,-153,00,BreatheWhipsaw,5,4
2026-01-28,13:42,ENTRY,SHORT,Ruptura,84,9,76,4,100,0,100,0,100,0,100,0,36,2,26359,75,0,00,26368,80,26367,81,26428,90,61,08,11,40,0,00,-153,00,-153,00,,6,4
2026-01-28,13:44,EXIT,SHORT,Ruptura,84,9,76,4,100,0,100,0,100,0,100,0,36,2,26359,75,26373,50,26368,80,26369,51,26428,15,58,64,11,92,-27,50,-180,50,-180,50,BreatheWhipsaw,6,5
2026-01-28,14:32,ENTRY,SHORT,Ruptura,87,9,63,7,100,0,100,0,97,8,75,0,71,7,26335,75,0,00,26352,10,26365,35,26411,74,46,39,20,80,0,00,-180,50,-180,50,,7,5
2026-01-28,14:34,EXIT,SHORT,Ruptura,87,9,63,7,100,0,100,0,97,8,75,0,71,7,26335,75,26347,00,26352,10,26363,60,26410,98,47,38,23,77,-22,50,-203,00,-203,00,BreatheWhipsaw,7,6
2026-01-29,09:34,ENTRY,SHORT,Pullback,66,7,66,2,10,3,100,0,20,0,100,0,72,1,26334,00,0,00,26350,77,26375,68,26425,15,49,48,16,77,0,00,0,00,-203,00,,1,0
2026-01-29,09:36,EXIT,SHORT,Pullback,66,7,66,2,10,3,100,0,20,0,100,0,72,1,26334,00,26324,50,26350,77,26371,88,26424,39,52,51,17,93,19,00,19,00,-184,00,BreatheWhipsaw,1,1
2026-01-29,09:38,ENTRY,SHORT,Pullback,94,3,73,3,98,4,100,0,98,9,100,0,87,2,26277,75,0,00,26293,64,26365,43,26423,41,57,99,20,85,0,00,19,00,-184,00,,2,1
2026-01-29,09:50,EXIT,SHORT,Pullback,94,3,73,3,98,4,100,0,98,9,100,0,87,2,26277,75,26187,25,26189,00,26310,15,26415,81,105,66,32,47,181,00,200,00,-3,00,TrailStop,2,1
2026-01-29,09:52,ENTRY,SHORT,Tendencia,71,6,100,0,33,6,100,0,23,6,25,0,100,0,26200,00,0,00,26222,25,26301,31,26414,54,113,23,32,84,0,00,200,00,-3,00,,3,1
2026-01-29,10:08,EXIT,SHORT,Tendencia,71,6,100,0,33,6,100,0,23,6,25,0,100,0,26200,00,26012,75,26036,58,26186,69,26398,57,211,88,44,04,374,50,574,50,371,50,TrailStop,3,1
2026-01-30,09:34,ENTRY,LONG,Tendencia,60,0,58,3,10,0,100,0,99,4,25,0,59,8,26047,75,0,00,26037,25,26043,94,26003,95,39,99,26,66,0,00,0,00,371,50,,1,0
2026-01-30,09:36,EXIT,LONG,Tendencia,60,0,58,3,10,0,100,0,99,4,25,0,59,8,26047,75,26091,25,26037,25,26047,14,26004,70,42,44,29,54,87,00,87,00,458,50,BreatheWhipsaw,1,1
2026-01-30,09:38,ENTRY,LONG,Pullback,70,9,62,6,51,6,100,0,55,4,75,0,66,9,26111,25,0,00,26080,61,26050,64,26005,55,45,09,30,39,0,00,87,00,458,50,,2,1
2026-01-30,09:40,EXIT,LONG,Pullback,70,9,62,6,51,6,100,0,55,4,75,0,66,9,26111,25,26076,75,26080,61,26052,46,26006,23,46,24,32,83,-69,00,18,00,389,50,BreatheWhipsaw,2,2
2026-01-30,09:42,ENTRY,LONG,Ruptura,86,7,66,5,100,0,100,0,100,0,50,0,75,1,26133,00,0,00,26106,44,26057,10,26007,28,49,82,35,07,0,00,18,00,389,50,,3,2
2026-01-30,09:46,EXIT,LONG,Ruptura,86,7,66,5,100,0,100,0,100,0,50,0,75,1,26133,00,26100,25,26106,44,26064,15,26009,20,54,95,36,43,-65,50,-47,50,324,00,BreatheWhipsaw,3,3
2026-01-30,10:32,ENTRY,SHORT,Ruptura,84,1,76,6,100,0,70,0,100,0,100,0,62,3,26008,25,0,00,26039,15,26086,98,26025,67,61,31,41,20,0,00,-47,50,324,00,,4,3
2026-01-30,10:36,EXIT,SHORT,Ruptura,84,1,76,6,100,0,70,0,100,0,100,0,62,3,26008,25,26076,00,26039,15,26075,98,26026,05,49,93,40,07,-135,50,-183,00,188,50,HardStop,4,3
2026-01-30,10:38,ENTRY,LONG,Ruptura,84,6,66,3,100,0,100,0,100,0,50,0,64,9,26097,25,0,00,26064,16,26076,10,26026,59,49,51,44,12,0,00,-183,00,188,50,,5,3
2026-01-30,10:40,EXIT,LONG,Ruptura,84,6,66,3,100,0,100,0,100,0,50,0,64,9,26097,25,26071,00,26064,16,26075,33,26026,97,48,36,45,18,-52,50,-235,50,136,00,BreatheWhipsaw,5,4
2026-02-02,09:32,ENTRY,LONG,Tendencia,94,6,100,0,100,0,100,0,100,0,75,0,71,2,25865,00,0,00,25841,34,25752,18,25666,57,85,61,20,55,0,00,0,00,136,00,,1,0
2026-02-02,09:36,EXIT,LONG,Tendencia,94,6,100,0,100,0,100,0,100,0,75,0,71,2,25865,00,25888,25,25841,34,25765,93,25669,77,96,15,24,78,46,50,46,50,182,50,BreatheWhipsaw,1,1
2026-02-02,09:38,ENTRY,LONG,Tendencia,95,8,100,0,97,7,100,0,100,0,75,0,87,6,25945,00,0,00,25916,86,25775,35,25671,69,103,66,26,52,0,00,46,50,182,50,,2,1
2026-02-02,10:00,EXIT,LONG,Tendencia,95,8,100,0,97,7,100,0,100,0,75,0,87,6,25945,00,25963,75,25983,25,25896,61,25692,72,203,89,26,86,37,50,84,00,220,00,TrailStop,2,1
2026-02-02,10:02,ENTRY,LONG,Tendencia,80,7,100,0,51,9,100,0,97,0,25,0,80,9,25999,75,0,00,25963,50,25908,06,25694,54,213,53,29,34,0,00,84,00,220,00,,3,1
2026-02-02,10:31,EXIT,LONG,Tendencia,80,7,100,0,51,9,100,0,97,0,25,0,80,9,25999,75,26084,25,26103,99,26063,49,25727,92,335,57,22,62,169,00,253,00,389,00,TrailStop,3,1
2026-02-02,10:32,ENTRY,LONG,Tendencia,88,0,100,0,90,8,100,0,71,1,75,0,52,8,26104,50,0,00,26084,47,26068,08,25730,32,337,76,22,70,0,00,253,00,389,00,,4,1
2026-02-02,10:42,EXIT,LONG,Tendencia,88,0,100,0,90,8,100,0,71,1,75,0,52,8,26104,50,26112,50,26122,50,26097,43,25742,63,354,79,20,91,16,00,269,00,405,00,TrailStop,4,1
2026-02-02,10:45,ENTRY,SHORT,Tendencia,74,5,100,0,87,0,40,0,100,0,75,0,45,7,26102,75,0,00,26114,50,26101,59,25745,08,356,51,20,82,0,00,269,00,405,00,,5,1
2026-02-02,11:10,EXIT,SHORT,Tendencia,74,5,100,0,87,0,40,0,100,0,75,0,45,7,26102,75,26082,25,26066,09,26086,03,25774,53,311,49,18,76,41,00,310,00,446,00,TrailStop,5,1
2026-02-03,09:32,ENTRY,SHORT,Pullback,74,0,23,7,72,5,100,0,48,1,100,0,73,9,26121,00,0,00,26127,93,26192,68,26204,53,11,85,8,93,0,00,0,00,446,00,,1,0
2026-02-03,09:34,EXIT,SHORT,Pullback,74,0,23,7,72,5,100,0,48,1,100,0,73,9,26121,00,26096,00,26127,93,26186,56,26203,95,17,38,11,17,50,00,50,00,496,00,BreatheWhipsaw,1,1
2026-02-03,09:38,ENTRY,SHORT,Ruptura,85,1,49,0,94,8,100,0,76,4,50,0,100,0,26060,00,0,00,26071,83,26173,38,26202,63,29,26,16,78,0,00,50,00,496,00,,2,1
2026-02-03,09:48,EXIT,SHORT,Ruptura,85,1,49,0,94,8,100,0,76,4,50,0,100,0,26060,00,26034,00,26044,00,26124,35,26197,81,73,46,26,77,52,00,102,00,548,00,TrailStop,2,1
2026-02-03,09:50,ENTRY,SHORT,Tendencia,72,6,100,0,10,0,100,0,55,6,50,0,100,0,26022,00,0,00,26040,25,26115,65,26196,99,81,34,26,67,0,00,102,00,548,00,,3,1
2026-02-03,10:06,EXIT,SHORT,Tendencia,72,6,100,0,10,0,100,0,55,6,50,0,100,0,26022,00,25833,25,25861,50,26001,15,26185,51,184,36,33,99,377,50,479,50,925,50,TrailStop,3,1
2026-02-04,09:32,ENTRY,SHORT,Tendencia,95,0,95,2,100,0,100,0,100,0,75,0,86,8,25490,00,0,00,25506,88,25582,53,25658,67,76,14,20,18,0,00,0,00,925,50,,1,0
2026-02-04,09:34,EXIT,SHORT,Tendencia,95,0,95,2,100,0,100,0,100,0,75,0,86,8,25490,00,25495,50,25506,88,25575,43,25657,88,82,45,23,45,-11,00,-11,00,914,50,BreatheWhipsaw,1,1
2026-02-04,09:36,ENTRY,SHORT,Tendencia,92,5,100,0,100,0,100,0,100,0,25,0,100,0,25573,25,0,00,25588,51,25573,31,25657,53,84,21,27,69,0,00,-11,00,914,50,,2,1
2026-02-04,09:38,EXIT,SHORT,Tendencia,92,5,100,0,100,0,100,0,100,0,25,0,100,0,25573,25,25542,50,25588,51,25571,40,25656,98,85,58,31,14,61,50,50,50,976,00,BreatheWhipsaw,2,2
2026-02-04,09:58,ENTRY,SHORT,Ruptura,95,0,100,0,100,0,100,0,100,0,50,0,100,0,25445,00,0,00,25493,94,25548,56,25651,08,102,51,44,59,0,00,50,50,976,00,,3,2
2026-02-04,10:06,EXIT,SHORT,Ruptura,95,0,100,0,100,0,100,0,100,0,50,0,100,0,25445,00,25395,50,25399,50,25511,34,25645,56,134,22,48,77,99,00,149,50,1075,00,TrailStop,3,2
2026-02-04,10:08,ENTRY,SHORT,Tendencia,82,7,100,0,62,2,100,0,77,4,25,0,100,0,25436,50,0,00,25442,00,25502,20,25644,33,142,13,49,61,0,00,149,50,1075,00,,4,2
2026-02-04,10:10,EXIT,SHORT,Tendencia,82,7,100,0,62,2,100,0,77,4,25,0,100,0,25436,50,25473,25,25442,00,25495,19,25643,43,148,24,49,33,-73,50,76,00,1001,50,BreatheWhipsaw,4,3
2026-02-04,10:36,ENTRY,SHORT,Ruptura,93,2,100,0,100,0,100,0,100,0,100,0,65,9,25369,25,0,00,25406,25,25440,83,25630,48,189,66,42,47,0,00,76,00,1001,50,,5,3
2026-02-04,10:38,EXIT,SHORT,Ruptura,93,2,100,0,100,0,100,0,100,0,100,0,65,9,25369,25,25449,50,25406,25,25436,16,25629,05,192,89,41,09,-160,50,-84,50,841,00,HardStop,5,3
2026-02-04,11:02,ENTRY,SHORT,Ruptura,90,6,100,0,100,0,100,0,100,0,100,0,53,1,25340,00,0,00,25377,00,25417,85,25612,54,194,69,42,66,0,00,-84,50,841,00,,6,3
2026-02-04,11:14,EXIT,SHORT,Ruptura,90,6,100,0,100,0,100,0,100,0,100,0,53,1,25340,00,25350,25,25298,50,25370,41,25600,77,230,36,39,77,-20,50,-105,00,820,50,TrailStop,6,3
2026-02-04,11:16,ENTRY,SHORT,Tendencia,73,2,100,0,32,4,100,0,100,0,25,0,42,5,25339,00,0,00,25384,39,25369,26,25599,05,229,78,38,52,0,00,-105,00,820,50,,7,3
2026-02-04,11:56,EXIT,SHORT,Tendencia,73,2,100,0,32,4,100,0,100,0,25,0,42,5,25339,00,25231,00,25200,82,25263,50,25553,24,289,74,33,37,216,00,111,00,1036,50,TrailStop,7,3
2026-02-04,11:58,ENTRY,SHORT,Tendencia,79,0,100,0,62,8,100,0,100,0,25,0,39,7,25255,50,0,00,25252,50,25261,39,25550,87,289,48,33,65,0,00,111,00,1036,50,,8,3
2026-02-04,12:00,EXIT,SHORT,Tendencia,79,0,100,0,62,8,100,0,100,0,25,0,39,7,25255,50,25247,25,25252,50,25260,55,25548,68,288,13,32,85,16,50,127,50,1053,00,BreatheWhipsaw,8,4
2026-02-04,12:20,ENTRY,SHORT,Ruptura,87,0,100,0,100,0,100,0,100,0,100,0,35,1,25200,00,0,00,25221,75,25225,43,25526,31,300,89,28,43,0,00,127,50,1053,00,,9,4
2026-02-04,12:32,EXIT,SHORT,Ruptura,87,0,100,0,100,0,100,0,100,0,100,0,35,1,25200,00,25150,00,25153,25,25216,33,25511,43,295,11,34,82,100,00,227,50,1153,00,TrailStop,9,4
2026-02-04,12:34,ENTRY,SHORT,Tendencia,78,8,100,0,55,5,100,0,74,4,50,0,52,4,25115,25,0,00,25159,45,25213,20,25508,73,295,53,36,20,0,00,227,50,1153,00,,10,4
2026-02-04,12:46,EXIT,SHORT,Tendencia,78,8,100,0,55,5,100,0,74,4,50,0,52,4,25115,25,25049,25,25068,00,25153,95,25490,60,336,65,36,05,132,00,359,50,1285,00,TrailStop,10,4
2026-02-05,09:32,ENTRY,SHORT,Tendencia,90,2,100,0,100,0,100,0,100,0,50,0,52,4,24896,00,0,00,24921,95,24991,95,25188,48,196,53,29,27,0,00,0,00,1285,00,,1,0
2026-02-05,09:32,EXIT,SHORT,Tendencia,90,2,100,0,100,0,100,0,100,0,50,0,52,4,24896,00,24969,00,24921,95,24991,95,25188,48,196,53,29,27,-146,00,-146,00,1139,00,HardStop,1,0
2026-02-05,09:34,ENTRY,SHORT,Tendencia,77,1,100,0,60,3,100,0,63,4,25,0,62,4,24930,75,0,00,24983,75,24988,51,25186,99,198,47,34,95,0,00,-146,00,1139,00,,2,0
2026-02-05,09:34,EXIT,SHORT,Tendencia,77,1,100,0,60,3,100,0,63,4,25,0,62,4,24930,75,25024,00,24983,75,24988,51,25186,99,198,47,34,95,-186,50,-332,50,952,50,HardStop,2,0
2026-02-06,09:32,ENTRY,SHORT,Tendencia,66,6,90,3,88,2,40,0,85,0,25,0,53,7,24943,75,0,00,24987,25,25013,40,24941,15,72,26,14,21,0,00,0,00,952,50,,1,0
2026-02-06,09:33,EXIT,SHORT,Tendencia,66,6,90,3,88,2,40,0,85,0,25,0,53,7,24943,75,25062,75,24987,25,25013,40,24941,15,72,26,14,21,-238,00,-238,00,714,50,HardStop,1,0
2026-02-06,09:36,ENTRY,LONG,Tendencia,77,8,90,4,52,1,100,0,77,3,25,0,95,3,25066,00,0,00,25059,75,25016,10,24943,77,72,33,26,13,0,00,-238,00,714,50,,2,0
2026-02-06,09:38,EXIT,LONG,Tendencia,77,8,90,4,52,1,100,0,77,3,25,0,95,3,25066,00,25103,50,25059,75,25019,00,24945,21,73,79,28,24,75,00,-163,00,789,50,BreatheWhipsaw,2,1
2026-02-06,09:40,ENTRY,LONG,Tendencia,90,1,96,1,68,0,100,0,100,0,75,0,100,0,25127,00,0,00,25110,00,25023,79,24946,90,76,89,29,85,0,00,-163,00,789,50,,3,1
2026-02-06,09:42,EXIT,LONG,Tendencia,90,1,96,1,68,0,100,0,100,0,75,0,100,0,25127,00,25071,00,25110,00,25025,76,24948,30,77,46,33,15,-112,00,-275,00,677,50,BreatheWhipsaw,3,2
2026-02-09,09:32,ENTRY,SHORT,Ruptura,85,8,61,2,75,1,100,0,100,0,75,0,91,9,25232,50,0,00,25234,76,25287,25,25330,68,43,43,18,01,0,00,0,00,677,50,,1,0
2026-02-09,09:34,EXIT,SHORT,Ruptura,85,8,61,2,75,1,100,0,100,0,75,0,91,9,25232,50,25270,25,25234,76,25285,90,25329,90,43,99,20,69,-75,50,-75,50,602,00,BreatheWhipsaw,1,1
2026-02-09,09:36,ENTRY,SHORT,Tendencia,60,8,62,8,10,0,100,0,31,0,50,0,100,0,25280,00,0,00,25282,91,25283,65,25328,97,45,32,22,91,0,00,-75,50,602,00,,2,1
2026-02-09,09:38,EXIT,SHORT,Tendencia,60,8,62,8,10,0,100,0,31,0,50,0,100,0,25280,00,25306,00,25282,91,25283,79,25328,28,44,49,24,31,-52,00,-127,50,550,00,BreatheWhipsaw,2,2
2026-02-09,09:40,ENTRY,LONG,Ruptura,82,4,60,1,94,1,70,0,75,4,75,0,100,0,25348,75,0,00,25321,58,25285,68,25327,85,42,18,25,89,0,00,-127,50,550,00,,3,2
2026-02-09,09:52,EXIT,LONG,Ruptura,82,4,60,1,94,1,70,0,75,4,75,0,100,0,25348,75,25330,00,25394,00,25306,18,25326,28,20,11,29,50,-37,50,-165,00,512,50,TrailStop,3,2
2026-02-09,09:54,ENTRY,SHORT,Pullback,61,8,32,7,39,2,5,0,100,0,100,0,100,0,25326,50,0,00,25340,75,25308,98,25326,00,17,03,30,03,0,00,-165,00,512,50,,4,2
2026-02-09,09:56,EXIT,SHORT,Pullback,61,8,32,7,39,2,5,0,100,0,100,0,100,0,25326,50,25354,25,25340,75,25311,48,25325,83,14,36,30,80,-55,50,-220,50,457,00,BreatheWhipsaw,4,3
2026-02-09,10:08,ENTRY,LONG,Ruptura,92,4,28,7,100,0,100,0,100,0,100,0,97,9,25419,00,0,00,25402,81,25339,51,25325,19,14,33,31,58,0,00,-220,50,457,00,,5,3
2026-02-09,10:14,EXIT,LONG,Ruptura,92,4,28,7,100,0,100,0,100,0,100,0,97,9,25419,00,25428,50,25402,81,25362,99,25325,23,37,76,28,74,19,00,-201,50,476,00,TrailStop,5,3
2026-02-09,10:16,ENTRY,LONG,Pullback,75,6,63,8,36,9,100,0,88,4,75,0,85,1,25444,50,0,00,25425,00,25372,09,25325,48,46,61,30,12,0,00,-201,50,476,00,,6,3
2026-02-09,10:26,EXIT,LONG,Pullback,75,6,63,8,36,9,100,0,88,4,75,0,85,1,25444,50,25415,00,25425,00,25400,03,25326,48,73,54,26,61,-59,00,-260,50,417,00,TrailStop,6,3
2026-02-09,10:34,ENTRY,LONG,Tendencia,71,1,100,0,47,4,100,0,26,7,25,0,64,2,25454,50,0,00,25452,75,25411,20,25327,24,83,96,26,81,0,00,-260,50,417,00,,7,3
2026-02-09,10:36,EXIT,LONG,Tendencia,71,1,100,0,47,4,100,0,26,7,25,0,64,2,25454,50,25478,00,25452,75,25417,71,25327,71,90,00,26,93,47,00,-213,50,464,00,BreatheWhipsaw,7,4
2026-02-09,10:50,ENTRY,LONG,Ruptura,89,7,100,0,100,0,100,0,100,0,100,0,48,6,25511,00,0,00,25492,72,25454,94,25331,26,123,68,23,03,0,00,-213,50,464,00,,8,4
2026-02-09,12:02,EXIT,LONG,Ruptura,89,7,100,0,100,0,100,0,100,0,100,0,48,6,25511,00,25620,50,25610,06,25590,18,25364,36,225,81,10,28,219,00,5,50,683,00,TrailStop,8,4
2026-02-09,12:04,ENTRY,LONG,Tendencia,90,4,100,0,100,0,100,0,99,1,75,0,30,0,25624,00,0,00,25620,00,25593,74,25365,61,228,12,10,21,0,00,5,50,683,00,,9,4
2026-02-09,12:17,EXIT,LONG,Tendencia,90,4,100,0,100,0,100,0,99,1,75,0,30,0,25624,00,25628,75,25631,75,25610,78,25373,75,237,03,8,61,9,50,15,00,692,50,TrailStop,9,4
2026-02-09,12:19,ENTRY,LONG,Tendencia,60,5,100,0,0,0,100,0,50,0,25,0,30,0,25636,25,0,00,25624,00,25613,98,25375,16,238,81,8,00,0,00,15,00,692,50,,10,4
2026-02-09,12:22,EXIT,LONG,Tendencia,60,5,100,0,0,0,100,0,50,0,25,0,30,0,25636,25,25622,25,25624,00,25619,29,25378,11,241,18,8,47,-28,00,-13,00,664,50,BreatheWhipsaw,10,5
2026-02-09,13:22,ENTRY,SHORT,Ruptura,80,2,100,0,100,0,40,0,100,0,75,0,73,6,25557,50,0,00,25560,77,25589,89,25425,03,164,86,13,69,0,00,-13,00,664,50,,11,5
2026-02-09,13:24,EXIT,SHORT,Ruptura,80,2,100,0,100,0,40,0,100,0,75,0,73,6,25557,50,25585,50,25560,77,25588,66,25426,59,162,08,14,61,-56,00,-69,00,608,50,BreatheWhipsaw,11,6
2026-02-09,13:46,ENTRY,LONG,Ruptura,84,4,100,0,100,0,100,0,100,0,25,0,59,7,25600,50,0,00,25593,89,25585,61,25442,84,142,78,11,82,0,00,-69,00,608,50,,12,6
2026-02-09,13:48,EXIT,LONG,Ruptura,84,4,100,0,100,0,100,0,100,0,25,0,59,7,25600,50,25598,00,25593,89,25585,43,25444,53,140,90,11,65,-5,00,-74,00,603,50,BreatheWhipsaw,12,7
2026-02-09,14:04,ENTRY,LONG,Ruptura,86,7,100,0,100,0,100,0,100,0,50,0,58,4,25615,75,0,00,25606,14,25587,14,25452,46,134,68,11,82,0,00,-74,00,603,50,,13,7
2026-02-09,14:08,EXIT,LONG,Ruptura,86,7,100,0,100,0,100,0,100,0,50,0,58,4,25615,75,25597,25,25606,14,25588,40,25455,81,132,60,11,27,-37,00,-111,00,566,50,BreatheWhipsaw,13,8
2026-02-09,14:16,ENTRY,LONG,Ruptura,88,2,100,0,100,0,100,0,100,0,75,0,53,4,25626,50,0,00,25615,67,25595,36,25460,98,134,39,11,10,0,00,-111,00,566,50,,14,8
2026-02-09,14:24,EXIT,LONG,Ruptura,88,2,100,0,100,0,100,0,100,0,75,0,53,4,25626,50,25628,50,25615,67,25603,21,25466,18,137,04,10,32,4,00,-107,00,570,50,TrailStop,14,8
2026-02-09,14:26,ENTRY,LONG,Tendencia,72,2,100,0,10,0,100,0,100,0,50,0,51,7,25635,00,0,00,25630,00,25605,23,25467,95,137,27,10,94,0,00,-107,00,570,50,,15,8
2026-02-09,14:36,EXIT,LONG,Tendencia,72,2,100,0,10,0,100,0,100,0,50,0,51,7,25635,00,25643,50,25646,00,25615,84,25476,75,139,09,9,54,17,00,-90,00,587,50,TrailStop,15,8
2026-02-09,14:39,ENTRY,LONG,Tendencia,88,9,100,0,100,0,100,0,100,0,50,0,39,5,25649,00,0,00,25643,50,25618,45,25478,44,140,01,9,17,0,00,-90,00,587,50,,16,8
2026-02-09,14:44,EXIT,LONG,Tendencia,88,9,100,0,100,0,100,0,100,0,50,0,39,5,25649,00,25635,75,25643,50,25623,14,25481,85,141,29,9,05,-26,50,-116,50,561,00,BreatheWhipsaw,16,9
2026-02-10,09:34,ENTRY,SHORT,Ruptura,67,6,44,2,87,5,70,0,66,7,50,0,61,4,25590,50,0,00,25584,66,25598,35,25572,73,25,62,12,41,0,00,0,00,561,00,,1,0
2026-02-10,09:36,EXIT,SHORT,Ruptura,67,6,44,2,87,5,70,0,66,7,50,0,61,4,25590,50,25586,50,25584,66,25598,74,25573,02,25,72,12,89,8,00,8,00,569,00,BreatheWhipsaw,1,1
2026-02-10,09:38,ENTRY,SHORT,Ruptura,83,8,41,0,100,0,70,0,100,0,100,0,78,6,25523,75,0,00,25545,15,25596,35,25573,10,23,25,16,21,0,00,8,00,569,00,,2,1
2026-02-10,09:40,EXIT,SHORT,Ruptura,83,8,41,0,100,0,70,0,100,0,100,0,78,6,25523,75,25554,75,25545,15,25594,34,25573,19,21,15,17,33,-62,00,-54,00,507,00,BreatheWhipsaw,2,2
2026-02-10,09:56,ENTRY,LONG,Ruptura,84,8,7,6,100,0,70,0,100,0,100,0,100,0,25615,25,0,00,25593,10,25569,38,25573,20,3,82,28,53,0,00,-54,00,507,00,,3,2
2026-02-10,10:14,EXIT,LONG,Ruptura,84,8,7,6,100,0,70,0,100,0,100,0,100,0,25615,25,25605,50,25655,00,25578,35,25576,79,1,56,28,13,-19,50,-73,50,487,50,TrailStop,3,2
2026-02-10,10:16,ENTRY,LONG,Ruptura,74,7,2,9,78,7,100,0,95,1,25,0,89,7,25591,50,0,00,25585,00,25578,31,25576,88,1,43,28,37,0,00,-73,50,487,50,,4,2
2026-02-10,10:26,EXIT,LONG,Ruptura,74,7,2,9,78,7,100,0,95,1,25,0,89,7,25591,50,25607,25,25627,25,25601,83,25578,46,23,37,27,84,31,50,-42,00,519,00,TrailStop,4,2
2026-02-10,10:28,ENTRY,LONG,Ruptura,90,6,49,3,100,0,100,0,100,0,100,0,78,4,25630,50,0,00,25610,00,25608,40,25578,92,29,49,27,71,0,00,-42,00,519,00,,5,2
2026-02-10,10:40,EXIT,LONG,Ruptura,90,6,49,3,100,0,100,0,100,0,100,0,78,4,25630,50,25620,00,25610,00,25624,75,25580,87,43,88,24,57,-21,00,-63,00,498,00,TrailStop,5,2
2026-02-10,10:46,ENTRY,LONG,Pullback,77,2,61,9,56,7,100,0,100,0,75,0,56,2,25640,00,0,00,25632,00,25626,05,25581,72,44,33,22,18,0,00,-63,00,498,00,,6,2
2026-02-10,10:50,EXIT,LONG,Pullback,77,2,61,9,56,7,100,0,100,0,75,0,56,2,25640,00,25610,00,25632,00,25624,11,25582,36,41,76,21,71,-60,00,-123,00,438,00,BreatheWhipsaw,6,3
2026-02-10,13:30,ENTRY,SHORT,Ruptura,82,7,26,6,100,0,100,0,100,0,100,0,50,4,25510,50,0,00,25517,25,25571,03,25584,32,13,29,13,84,0,00,-123,00,438,00,,7,3
2026-02-10,13:32,EXIT,SHORT,Ruptura,82,7,26,6,100,0,100,0,100,0,100,0,50,4,25510,50,25510,25,25517,25,25566,70,25584,08,17,38,13,73,0,50,-122,50,438,50,BreatheWhipsaw,7,4
2026-02-10,14:21,ENTRY,SHORT,Ruptura,86,0,75,3,100,0,100,0,100,0,100,0,42,5,25521,25,0,00,25508,28,25517,04,25577,29,60,26,11,04,0,00,-122,50,438,50,,8,4
2026-02-10,14:25,EXIT,SHORT,Ruptura,86,0,75,3,100,0,100,0,100,0,100,0,42,5,25521,25,25524,50,25508,28,25517,03,25576,88,59,85,11,89,-6,50,-129,00,432,00,BreatheWhipsaw,8,5
2026-02-10,15:38,ENTRY,SHORT,Ruptura,89,7,93,5,100,0,100,0,100,0,100,0,52,0,25455,25,0,00,25463,19,25488,09,25562,85,74,76,10,92,0,00,-129,00,432,00,,9,5
2026-02-10,15:42,EXIT,SHORT,Ruptura,89,7,93,5,100,0,100,0,100,0,100,0,52,0,25455,25,25468,25,25463,19,25483,28,25561,73,78,45,11,00,-26,00,-155,00,406,00,BreatheWhipsaw,9,6
2026-02-11,09:32,ENTRY,LONG,Tendencia,83,2,100,0,60,0,100,0,100,0,50,0,61,9,25681,00,0,00,25651,02,25649,59,25494,29,155,29,14,98,0,00,0,00,406,00,,1,0
2026-02-11,09:34,EXIT,LONG,Tendencia,83,2,100,0,60,0,100,0,100,0,50,0,61,9,25681,00,25642,50,25651,02,25649,58,25494,63,154,95,17,73,-77,00,-77,00,329,00,BreatheWhipsaw,1,1
2026-02-11,09:36,ENTRY,SHORT,Ruptura,77,9,100,0,84,1,40,0,100,0,75,0,81,9,25639,50,0,00,25625,00,25646,59,25494,85,151,74,20,50,0,00,-77,00,329,00,,2,1
2026-02-11,09:38,EXIT,SHORT,Ruptura,77,9,100,0,84,1,40,0,100,0,75,0,81,9,25639,50,25588,00,25625,00,25643,05,25495,14,147,91,23,64,103,00,26,00,432,00,BreatheWhipsaw,2,2
2026-02-11,09:40,ENTRY,SHORT,Ruptura,86,4,100,0,100,0,40,0,100,0,100,0,91,9,25581,25,0,00,25587,00,25638,19,25495,29,142,89,24,13,0,00,26,00,432,00,,3,2
2026-02-11,09:42,EXIT,SHORT,Ruptura,86,4,100,0,100,0,40,0,100,0,100,0,91,9,25581,25,25605,00,25587,00,25635,13,25495,65,139,48,26,92,-47,50,-21,50,384,50,BreatheWhipsaw,3,3
2026-02-11,10:10,ENTRY,SHORT,Ruptura,89,9,100,0,100,0,70,0,100,0,100,0,79,7,25459,00,0,00,25484,32,25578,71,25498,08,80,63,30,76,0,00,-21,50,384,50,,4,3
2026-02-11,10:30,EXIT,SHORT,Ruptura,89,9,100,0,100,0,70,0,100,0,100,0,79,7,25459,00,25312,50,25335,92,25446,53,25489,61,43,09,36,21,293,00,271,50,677,50,TrailStop,4,3
2026-02-12,09:40,ENTRY,SHORT,Ruptura,80,4,51,2,100,0,40,0,100,0,100,0,86,2,25599,00,0,00,25593,57,25596,89,25565,42,31,46,14,75,0,00,0,00,677,50,,1,0
2026-02-12,09:42,EXIT,SHORT,Ruptura,80,4,51,2,100,0,40,0,100,0,100,0,86,2,25599,00,25583,75,25593,57,25595,73,25565,77,29,95,14,95,30,50,30,50,708,00,BreatheWhipsaw,1,1
2026-02-12,09:44,ENTRY,SHORT,Ruptura,86,9,45,0,100,0,70,0,100,0,100,0,92,1,25563,00,0,00,25572,33,25592,16,25565,91,26,26,16,44,0,00,30,50,708,00,,2,1
2026-02-12,09:54,EXIT,SHORT,Ruptura,86,9,45,0,100,0,70,0,100,0,100,0,92,1,25563,00,25502,00,25506,75,25564,55,25565,39,0,83,25,17,122,00,152,50,830,00,TrailStop,2,1
2026-02-12,09:56,ENTRY,SHORT,Ruptura,88,8,13,5,100,0,100,0,100,0,75,0,100,0,25473,25,0,00,25498,71,25558,55,25565,30,6,74,24,94,0,00,152,50,830,00,,3,1
2026-02-12,10:04,EXIT,SHORT,Ruptura,88,8,13,5,100,0,100,0,100,0,75,0,100,0,25473,25,25461,50,25459,75,25527,29,25563,98,36,70,28,22,23,50,176,00,853,50,TrailStop,3,1
2026-02-12,10:06,ENTRY,SHORT,Ruptura,86,5,62,2,81,2,100,0,100,0,50,0,100,0,25444,75,0,00,25458,35,25519,10,25563,69,44,59,29,13,0,00,176,00,853,50,,4,1
2026-02-12,10:08,EXIT,SHORT,Ruptura,86,5,62,2,81,2,100,0,100,0,50,0,100,0,25444,75,25441,25,25458,35,25512,56,25563,35,50,78,28,73,7,00,183,00,860,50,BreatheWhipsaw,4,2
2026-02-12,10:10,ENTRY,SHORT,Ruptura,97,4,74,4,100,0,100,0,100,0,100,0,100,0,25413,75,0,00,25418,68,25503,50,25562,73,59,22,30,57,0,00,183,00,860,50,,5,2
2026-02-12,10:12,EXIT,SHORT,Ruptura,97,4,74,4,100,0,100,0,100,0,100,0,100,0,25413,75,25404,50,25418,68,25494,96,25562,22,67,26,30,94,18,50,201,50,879,00,BreatheWhipsaw,5,3
2026-02-12,10:38,ENTRY,SHORT,Ruptura,94,2,100,0,100,0,100,0,100,0,100,0,70,8,25358,00,0,00,25390,74,25433,11,25556,02,122,91,27,65,0,00,201,50,879,00,,6,3
2026-02-12,10:48,EXIT,SHORT,Ruptura,94,2,100,0,100,0,100,0,100,0,100,0,70,8,25358,00,25333,75,25324,00,25404,48,25550,47,146,00,26,22,48,50,250,00,927,50,TrailStop,6,3
2026-02-12,10:50,ENTRY,SHORT,Pullback,76,3,100,0,10,0,100,0,100,0,75,0,60,5,25312,25,0,00,25327,25,25400,95,25549,29,148,34,26,15,0,00,250,00,927,50,,7,3
2026-02-12,10:52,EXIT,SHORT,Pullback,76,3,100,0,10,0,100,0,100,0,75,0,60,5,25312,25,25337,00,25327,25,25397,50,25548,19,150,69,26,34,-49,50,200,50,878,00,BreatheWhipsaw,7,4
2026-02-12,10:56,ENTRY,SHORT,Ruptura,89,9,100,0,100,0,100,0,100,0,75,0,62,1,25265,00,0,00,25287,86,25381,29,25545,58,164,29,28,14,0,00,200,50,878,00,,8,4
2026-02-12,11:04,EXIT,SHORT,Ruptura,89,9,100,0,100,0,100,0,100,0,75,0,62,1,25265,00,25239,00,25233,50,25340,48,25539,19,198,71,28,11,52,00,252,50,930,00,TrailStop,8,4
2026-02-12,11:06,ENTRY,SHORT,Tendencia,91,0,100,0,100,0,100,0,100,0,50,0,59,7,25186,25,0,00,25212,30,25327,55,25537,35,209,80,29,40,0,00,252,50,930,00,,9,4
2026-02-12,11:34,EXIT,SHORT,Tendencia,91,0,100,0,100,0,100,0,100,0,50,0,59,7,25186,25,25070,00,25073,02,25150,18,25506,16,355,99,34,15,232,50,485,00,1162,50,TrailStop,9,4
2026-02-13,09:38,ENTRY,SHORT,Ruptura,78,0,26,1,100,0,70,0,89,5,100,0,64,9,24905,50,0,00,24930,35,24964,65,24951,58,13,07,30,35,0,00,0,00,1162,50,,1,0
2026-02-13,09:45,EXIT,SHORT,Ruptura,78,0,26,1,100,0,70,0,89,5,100,0,64,9,24905,50,24973,00,24930,35,24942,40,24950,57,8,17,40,06,-135,00,-135,00,1027,50,HardStop,1,0
2026-02-13,09:46,ENTRY,LONG,Ruptura,81,7,15,8,100,0,70,0,100,0,75,0,93,1,25015,75,0,00,24980,50,24943,04,24950,95,7,91,47,00,0,00,-135,00,1027,50,,2,0
2026-02-13,09:50,EXIT,LONG,Ruptura,81,7,15,8,100,0,70,0,100,0,75,0,93,1,25015,75,24936,50,24980,50,24949,31,24951,56,2,24,48,28,-158,50,-293,50,869,00,HardStop,2,0
2026-02-16,09:32,ENTRY,SHORT,Ruptura,68,8,47,2,46,9,100,0,100,0,25,0,74,2,24988,50,0,00,24999,12,25035,08,25062,99,27,91,10,16,0,00,0,00,869,00,,1,0
2026-02-16,09:50,EXIT,SHORT,Ruptura,68,8,47,2,46,9,100,0,100,0,25,0,74,2,24988,50,24950,75,24936,00,24983,21,25054,49,71,28,14,43,75,50,75,50,944,50,TrailStop,1,0
2026-02-16,09:52,ENTRY,SHORT,Tendencia,89,5,93,4,100,0,100,0,100,0,25,0,86,9,24964,00,0,00,24970,61,24978,85,25053,56,74,71,14,15,0,00,75,50,944,50,,2,0
2026-02-16,09:56,EXIT,SHORT,Tendencia,89,5,93,4,100,0,100,0,100,0,25,0,86,9,24964,00,24991,25,24970,61,24973,96,25052,14,78,17,14,22,-54,50,21,00,890,00,BreatheWhipsaw,2,1
2026-02-16,09:58,ENTRY,LONG,Pullback,76,1,97,9,34,0,40,0,100,0,100,0,83,1,24994,50,0,00,24991,25,24973,20,25051,53,78,33,14,26,0,00,21,00,890,00,,3,1
2026-02-16,10:00,EXIT,LONG,Pullback,76,1,97,9,34,0,40,0,100,0,100,0,83,1,24994,50,24990,75,24991,25,24972,53,25050,93,78,40,13,96,-7,50,13,50,882,50,BreatheWhipsaw,3,2
2026-02-16,10:22,ENTRY,SHORT,Ruptura,91,9,88,1,100,0,100,0,99,8,100,0,65,4,24946,50,0,00,24956,21,24975,41,25045,91,70,50,13,28,0,00,13,50,882,50,,4,2
2026-02-16,10:25,EXIT,SHORT,Ruptura,91,9,88,1,100,0,100,0,99,8,100,0,65,4,24946,50,24943,75,24956,21,24976,21,25045,46,69,24,13,65,5,50,19,00,888,00,BreatheWhipsaw,4,3
2026-02-16,10:26,ENTRY,SHORT,Ruptura,86,9,85,1,100,0,100,0,100,0,50,0,67,1,24934,00,0,00,24939,75,24976,84,25044,93,68,09,14,04,0,00,19,00,888,00,,5,3
2026-02-16,10:29,EXIT,SHORT,Ruptura,86,9,85,1,100,0,100,0,100,0,50,0,67,1,24934,00,24936,75,24939,75,24977,20,25044,59,67,39,13,43,-5,50,13,50,882,50,BreatheWhipsaw,5,4
2026-02-16,10:30,ENTRY,SHORT,Ruptura,86,0,85,1,100,0,100,0,100,0,50,0,62,3,24927,00,0,00,24935,00,24976,23,25044,28,68,05,13,41,0,00,13,50,882,50,,6,4
2026-02-16,10:32,EXIT,SHORT,Ruptura,86,0,85,1,100,0,100,0,100,0,50,0,62,3,24927,00,24920,25,24935,00,24974,23,25043,98,69,75,13,88,13,50,27,00,896,00,BreatheWhipsaw,6,5
2026-02-16,11:38,ENTRY,SHORT,Ruptura,90,2,100,0,100,0,100,0,100,0,100,0,51,0,24902,00,0,00,24911,75,24932,80,25033,55,100,74,13,58,0,00,27,00,896,00,,7,5
2026-02-16,11:44,EXIT,SHORT,Ruptura,90,2,100,0,100,0,100,0,100,0,100,0,51,0,24902,00,24924,00,24911,75,24931,70,25032,21,100,51,13,42,-44,00,-17,00,852,00,TrailStop,7,5
2026-02-16,11:46,ENTRY,LONG,Pullback,62,6,100,0,10,0,5,0,100,0,100,0,51,0,24922,50,0,00,24919,75,24932,13,25031,76,99,63,13,51,0,00,-17,00,852,00,,8,5
2026-02-16,12:22,EXIT,LONG,Pullback,62,6,100,0,10,0,5,0,100,0,100,0,51,0,24922,50,24939,50,24943,71,24933,75,25028,08,94,33,11,50,34,00,17,00,886,00,TrailStop,8,5
2026-02-16,12:28,ENTRY,LONG,Tendencia,76,9,100,0,100,0,40,0,100,0,75,0,44,0,24953,00,0,00,24950,52,24935,65,25026,96,91,31,11,73,0,00,17,00,886,00,,9,5
2026-02-16,12:57,EXIT,LONG,Tendencia,76,9,100,0,100,0,40,0,100,0,75,0,44,0,24953,00,24950,25,24976,07,24961,18,25024,23,63,05,11,95,-5,50,11,50,880,50,TrailStop,9,5
2026-02-16,12:59,ENTRY,SHORT,Tendencia,84,7,77,9,100,0,100,0,100,0,50,0,52,5,24950,50,0,00,24959,99,24961,44,25023,76,62,33,12,99,0,00,11,50,880,50,,10,5
2026-02-16,18:00,EXIT,SHORT,Tendencia,84,7,77,9,100,0,100,0,100,0,50,0,52,5,24950,50,24971,25,24959,99,24962,98,25023,43,60,46,13,21,-41,50,-30,00,839,00,BreatheWhipsaw,10,6
2026-02-17,09:32,ENTRY,LONG,Tendencia,60,1,43,1,45,0,100,0,27,5,50,0,75,7,24916,00,0,00,24900,59,24869,93,24845,07,24,85,22,41,0,00,0,00,839,00,,1,0
2026-02-17,09:34,EXIT,LONG,Tendencia,60,1,43,1,45,0,100,0,27,5,50,0,75,7,24916,00,24922,25,24900,59,24870,48,24845,70,24,78,24,15,12,50,12,50,851,50,BreatheWhipsaw,1,1
2026-02-17,09:36,ENTRY,LONG,Ruptura,90,9,47,1,91,7,100,0,100,0,100,0,91,1,24990,00,0,00,24961,11,24874,46,24846,62,27,85,28,19,0,00,12,50,851,50,,2,1
2026-02-17,09:44,EXIT,LONG,Ruptura,90,9,47,1,91,7,100,0,100,0,100,0,91,1,24990,00,24923,50,24961,11,24902,61,24850,06,52,55,34,30,-133,00,-120,50,718,50,TrailStop,2,1
2026-02-17,09:46,ENTRY,SHORT,Ruptura,85,1,70,7,100,0,40,0,100,0,100,0,100,0,24880,25,0,00,24916,30,24905,25,24850,44,54,81,36,40,0,00,-120,50,718,50,,3,1
2026-02-17,09:48,EXIT,SHORT,Ruptura,85,1,70,7,100,0,40,0,100,0,100,0,100,0,24880,25,24843,00,24916,30,24903,34,24850,62,52,72,40,02,74,50,-46,00,793,00,BreatheWhipsaw,3,2
2026-02-17,09:52,ENTRY,SHORT,Ruptura,85,5,65,1,100,0,70,0,100,0,50,0,100,0,24797,25,0,00,24820,10,24899,03,24850,89,48,13,46,13,0,00,-46,00,793,00,,4,2
2026-02-17,10:04,EXIT,SHORT,Ruptura,85,5,65,1,100,0,70,0,100,0,50,0,100,0,24797,25,24778,75,24738,00,24857,65,24848,24,9,42,47,17,37,00,-9,00,830,00,TrailStop,4,2
2026-02-17,10:08,ENTRY,SHORT,Ruptura,73,6,0,7,71,9,100,0,67,9,75,0,89,2,24758,25,0,00,24744,75,24847,00,24847,36,0,35,44,98,0,00,-9,00,830,00,,5,2
2026-02-17,10:10,EXIT,SHORT,Ruptura,73,6,0,7,71,9,100,0,67,9,75,0,89,2,24758,25,24741,75,24744,75,24839,94,24846,81,6,87,44,02,33,00,24,00,863,00,BreatheWhipsaw,5,3
2026-02-17,10:20,ENTRY,LONG,Ruptura,87,5,74,6,100,0,70,0,100,0,100,0,80,4,24848,25,0,00,24815,52,24785,33,24844,79,59,47,46,31,0,00,24,00,863,00,,6,3
2026-02-17,10:22,EXIT,LONG,Ruptura,87,5,74,6,100,0,70,0,100,0,100,0,80,4,24848,25,24786,50,24815,52,24775,74,24844,54,68,81,46,80,-123,50,-99,50,739,50,BreatheWhipsaw,6,4
2026-02-17,11:02,ENTRY,LONG,Ruptura,80,8,100,0,100,0,70,0,94,3,75,0,50,7,24872,25,0,00,24841,08,24749,38,24836,39,87,01,39,22,0,00,-99,50,739,50,,7,4
2026-02-17,11:30,EXIT,LONG,Ruptura,80,8,100,0,100,0,70,0,94,3,75,0,50,7,24872,25,24933,25,24962,31,24916,50,24840,93,75,57,31,50,122,00,22,50,861,50,TrailStop,7,4
2026-02-17,11:32,ENTRY,LONG,Tendencia,62,3,100,0,10,0,100,0,41,9,25,0,35,6,24925,50,0,00,24911,00,24922,28,24840,99,81,28,31,77,0,00,22,50,861,50,,8,4
2026-02-17,11:46,EXIT,LONG,Tendencia,62,3,100,0,10,0,100,0,41,9,25,0,35,6,24925,50,24946,00,24949,44,24967,44,24843,72,123,71,28,63,41,00,63,50,902,50,TrailStop,8,4
2026-02-17,11:48,ENTRY,LONG,Tendencia,66,6,100,0,92,0,20,0,100,0,50,0,32,4,24961,25,0,00,24950,00,24969,69,24844,27,125,42,27,91,0,00,63,50,902,50,,9,4
2026-02-17,11:56,EXIT,LONG,Tendencia,66,6,100,0,92,0,20,0,100,0,50,0,32,4,24961,25,25000,00,24950,00,24969,13,24846,55,122,58,27,27,77,50,141,00,980,00,TrailStop,9,4
2026-02-17,11:58,ENTRY,LONG,Tendencia,70,0,100,0,53,3,100,0,31,9,25,0,36,4,24979,00,0,00,24953,50,24969,44,24847,22,122,22,28,82,0,00,141,00,980,00,,10,4
2026-02-17,12:02,EXIT,LONG,Tendencia,70,0,100,0,53,3,100,0,31,9,25,0,36,4,24979,00,24954,75,24953,50,24966,10,24848,20,117,90,28,63,-48,50,92,50,931,50,BreatheWhipsaw,10,5
2026-02-17,12:30,ENTRY,LONG,Ruptura,83,3,100,0,100,0,100,0,100,0,50,0,41,7,24970,25,0,00,24952,44,24944,49,24852,21,92,28,27,08,0,00,92,50,931,50,,11,5
2026-02-17,12:32,EXIT,LONG,Ruptura,83,3,100,0,100,0,100,0,100,0,50,0,41,7,24970,25,24930,00,24952,44,24943,96,24852,39,91,57,27,45,-80,50,12,00,851,00,BreatheWhipsaw,11,6
2026-02-17,12:46,ENTRY,SHORT,Ruptura,82,3,90,7,100,0,70,0,100,0,100,0,46,2,24849,00,0,00,24870,53,24925,24,24852,72,72,52,27,37,0,00,12,00,851,00,,12,6
2026-02-17,12:48,EXIT,SHORT,Ruptura,82,3,90,7,100,0,70,0,100,0,100,0,46,2,24849,00,24867,75,24870,53,24921,01,24852,58,68,44,27,11,-37,50,-25,50,813,50,BreatheWhipsaw,12,7
2026-02-17,13:22,ENTRY,LONG,Ruptura,81,2,48,6,100,0,100,0,100,0,75,0,44,1,24942,00,0,00,24920,00,24884,46,24855,53,28,94,24,31,0,00,-25,50,813,50,,13,7
2026-02-17,14:02,EXIT,LONG,Ruptura,81,2,48,6,100,0,100,0,100,0,75,0,44,1,24942,00,25063,25,25059,61,25029,11,24875,97,153,15,19,47,242,50,217,00,1056,00,TrailStop,13,7
2026-02-17,14:04,ENTRY,LONG,Tendencia,90,7,100,0,100,0,100,0,100,0,75,0,32,2,25080,00,0,00,25065,00,25033,58,24877,13,156,45,18,60,0,00,217,00,1056,00,,14,7
2026-02-17,14:08,EXIT,LONG,Tendencia,90,7,100,0,100,0,100,0,100,0,75,0,32,2,25080,00,25062,50,25065,00,25042,41,24879,41,163,00,18,05,-35,00,182,00,1021,00,BreatheWhipsaw,14,8
2026-02-17,14:38,ENTRY,LONG,Ruptura,82,7,100,0,96,7,100,0,100,0,75,0,30,0,25096,75,0,00,25089,94,25068,99,24894,91,174,08,15,08,0,00,182,00,1021,00,,15,8
2026-02-17,14:40,EXIT,LONG,Ruptura,82,7,100,0,96,7,100,0,100,0,75,0,30,0,25096,75,25096,00,25089,94,25069,15,24896,20,172,95,15,82,-1,50,180,50,1019,50,BreatheWhipsaw,15,9
2026-02-17,14:43,ENTRY,LONG,Ruptura,81,9,100,0,100,0,100,0,100,0,50,0,34,6,25096,50,0,00,25097,75,25071,29,24897,71,173,57,16,51,0,00,180,50,1019,50,,16,9
2026-02-17,14:44,EXIT,LONG,Ruptura,81,9,100,0,100,0,100,0,100,0,50,0,34,6,25096,50,25089,75,25097,75,25072,81,24899,20,173,62,15,94,-13,50,167,00,1006,00,BreatheWhipsaw,16,10
2026-02-18,09:32,ENTRY,SHORT,Pullback,74,9,64,2,10,0,100,0,79,1,100,0,68,8,24990,00,0,00,25030,20,25046,50,25093,56,47,06,14,95,0,00,0,00,1006,00,,1,0
2026-02-18,09:34,EXIT,SHORT,Pullback,74,9,64,2,10,0,100,0,79,1,100,0,68,8,24990,00,25025,75,25030,20,25045,15,25093,47,48,32,16,88,-71,50,-71,50,934,50,BreatheWhipsaw,1,1
2026-02-18,09:36,ENTRY,SHORT,Tendencia,70,6,66,7,26,2,100,0,100,0,50,0,86,7,24987,50,0,00,25025,75,25043,24,25093,25,50,01,19,25,0,00,-71,50,934,50,,2,1
2026-02-18,09:40,EXIT,SHORT,Tendencia,70,6,66,7,26,2,100,0,100,0,50,0,86,7,24987,50,25055,75,25025,75,25038,75,25092,72,53,97,23,64,-136,50,-208,00,798,00,BreatheWhipsaw,2,2
2026-02-18,09:44,ENTRY,LONG,Ruptura,82,4,69,2,100,0,40,0,100,0,75,0,100,0,25083,00,0,00,25060,95,25039,74,25092,72,52,99,28,06,0,00,-208,00,798,00,,3,2
2026-02-18,09:46,EXIT,LONG,Ruptura,82,4,69,2,100,0,40,0,100,0,75,0,100,0,25083,00,25090,50,25060,95,25041,59,25092,93,51,34,29,22,15,00,-193,00,813,00,BreatheWhipsaw,3,3
2026-02-18,09:56,ENTRY,LONG,Ruptura,90,5,64,6,100,0,70,0,100,0,100,0,100,0,25121,75,0,00,25100,95,25045,75,25093,29,47,54,32,07,0,00,-193,00,813,00,,4,3
2026-02-18,10:12,EXIT,LONG,Ruptura,90,5,64,6,100,0,70,0,100,0,100,0,100,0,25121,75,25226,00,25220,31,25111,75,25100,01,11,74,30,36,208,50,15,50,1021,50,TrailStop,4,3
2026-02-18,10:14,ENTRY,LONG,Ruptura,85,6,39,6,100,0,100,0,100,0,50,0,83,0,25254,75,0,00,25237,04,25123,40,25101,16,22,24,30,62,0,00,15,50,1021,50,,5,3
2026-02-18,10:44,EXIT,LONG,Ruptura,85,6,39,6,100,0,100,0,100,0,50,0,83,0,25254,75,25279,75,25273,50,25265,29,25118,30,146,98,22,30,50,00,65,50,1071,50,TrailStop,5,3
2026-02-18,10:46,ENTRY,LONG,Tendencia,67,2,100,0,16,0,100,0,44,0,50,0,46,0,25290,00,0,00,25277,00,25266,64,25119,59,147,05,21,53,0,00,65,50,1071,50,,6,3
2026-02-18,11:10,EXIT,LONG,Tendencia,67,2,100,0,16,0,100,0,44,0,50,0,46,0,25290,00,25311,25,25307,17,25291,48,25135,58,155,89,19,46,42,50,108,00,1114,00,TrailStop,6,3
2026-02-18,11:12,ENTRY,LONG,Tendencia,85,8,100,0,100,0,100,0,100,0,25,0,33,0,25316,00,0,00,25293,92,25293,84,25136,80,157,04,18,77,0,00,108,00,1114,00,,7,3
2026-02-18,11:20,EXIT,LONG,Tendencia,85,8,100,0,100,0,100,0,100,0,25,0,33,0,25316,00,25299,75,25317,75,25303,89,25141,42,162,47,16,55,-32,50,75,50,1081,50,TrailStop,7,3
2026-02-18,11:24,ENTRY,LONG,Tendencia,90,5,100,0,100,0,100,0,100,0,75,0,30,0,25314,75,0,00,25300,00,25306,49,25143,59,162,90,15,33,0,00,75,50,1081,50,,8,3
2026-02-18,11:50,EXIT,LONG,Tendencia,90,5,100,0,100,0,100,0,100,0,75,0,30,0,25314,75,25308,50,25320,50,25316,03,25155,76,160,26,13,31,-12,50,63,00,1069,00,TrailStop,8,3
2026-02-18,11:52,ENTRY,SHORT,Tendencia,67,8,100,0,93,8,40,0,85,4,25,0,30,0,25300,00,0,00,25312,25,25316,44,25156,77,159,67,12,65,0,00,63,00,1069,00,,9,3
2026-02-18,12:02,EXIT,SHORT,Tendencia,67,8,100,0,93,8,40,0,85,4,25,0,30,0,25300,00,25298,75,25279,25,25311,05,25161,04,150,01,12,78,2,50,65,50,1071,50,TrailStop,9,3
2026-02-18,12:04,ENTRY,LONG,Pullback,69,3,100,0,90,0,20,0,100,0,75,0,30,3,25305,00,0,00,25295,50,25311,28,25161,97,149,31,12,78,0,00,65,50,1071,50,,10,3
2026-02-18,12:45,EXIT,LONG,Pullback,69,3,100,0,90,0,20,0,100,0,75,0,30,3,25305,00,25297,50,25295,50,25314,99,25179,46,135,53,9,56,-15,00,50,50,1056,50,TrailStop,10,3
2026-02-18,12:48,ENTRY,SHORT,Tendencia,70,5,100,0,100,0,40,0,100,0,25,0,30,0,25307,25,0,00,25307,25,25313,75,25180,23,133,52,9,67,0,00,50,50,1056,50,,11,3
2026-02-18,12:51,EXIT,SHORT,Tendencia,70,5,100,0,100,0,40,0,100,0,25,0,30,0,25307,25,25314,25,25307,25,25311,76,25181,02,130,74,9,58,-14,00,36,50,1042,50,BreatheWhipsaw,11,4
2026-02-18,12:59,ENTRY,LONG,Ruptura,81,8,100,0,100,0,100,0,100,0,50,0,33,9,25314,50,0,00,25331,00,25312,80,25183,68,129,12,9,96,0,00,36,50,1042,50,,12,4
2026-02-18,13:01,EXIT,LONG,Ruptura,81,8,100,0,100,0,100,0,100,0,50,0,33,9,25314,50,25337,25,25331,00,25313,18,25184,51,128,66,10,80,45,50,82,00,1088,00,BreatheWhipsaw,12,5
2026-02-18,14:54,ENTRY,SHORT,Ruptura,87,3,54,1,100,0,100,0,100,0,100,0,59,6,25122,50,0,00,25131,00,25182,11,25217,01,34,90,14,95,0,00,82,00,1088,00,,13,5
2026-02-18,15:04,EXIT,SHORT,Ruptura,87,3,54,1,100,0,100,0,100,0,100,0,59,6,25122,50,25121,25,25131,00,25154,41,25217,23,62,82,16,70,2,50,84,50,1090,50,TrailStop,13,5
2026-02-18,15:06,ENTRY,SHORT,Tendencia,69,4,85,6,10,0,100,0,100,0,50,0,60,6,25123,50,0,00,25132,08,25148,91,25217,36,68,44,16,11,0,00,84,50,1090,50,,14,5
2026-02-18,15:16,EXIT,SHORT,Tendencia,69,4,85,6,10,0,100,0,100,0,50,0,60,6,25123,50,25078,25,25097,25,25124,73,25217,24,92,51,17,14,90,50,175,00,1181,00,TrailStop,14,5
2026-02-18,15:18,ENTRY,SHORT,Tendencia,76,0,100,0,49,1,100,0,28,2,75,0,58,9,25091,25,0,00,25079,75,25120,94,25217,14,96,20,16,56,0,00,175,00,1181,00,,15,5
2026-02-18,15:20,EXIT,SHORT,Tendencia,76,0,100,0,49,1,100,0,28,2,75,0,58,9,25091,25,25092,25,25079,75,25118,56,25217,11,98,55,17,62,-2,00,173,00,1179,00,BreatheWhipsaw,15,6
2026-02-19,09:34,ENTRY,SHORT,Pullback,81,3,85,1,65,9,100,0,43,2,100,0,71,5,25060,25,0,00,25065,89,25065,29,25133,37,68,08,14,85,0,00,0,00,1179,00,,1,0
2026-02-19,09:36,EXIT,SHORT,Pullback,81,3,85,1,65,9,100,0,43,2,100,0,71,5,25060,25,25065,25,25065,89,25063,23,25132,46,69,23,17,98,-10,00,-10,00,1169,00,BreatheWhipsaw,1,1
2026-02-19,09:38,ENTRY,SHORT,Tendencia,68,1,88,6,10,4,100,0,66,0,25,0,97,7,25026,25,0,00,25042,00,25060,68,25131,55,70,88,20,93,0,00,-10,00,1169,00,,2,1
2026-02-19,09:40,EXIT,SHORT,Tendencia,68,1,88,6,10,4,100,0,66,0,25,0,97,7,25026,25,25013,50,25042,00,25058,34,25130,77,72,43,22,36,25,50,15,50,1194,50,BreatheWhipsaw,2,2
2026-02-19,09:54,ENTRY,LONG,Ruptura,87,0,90,5,100,0,40,0,100,0,100,0,100,0,25114,00,0,00,25080,94,25052,43,25124,80,72,38,32,08,0,00,15,50,1194,50,,3,2
2026-02-19,09:56,EXIT,LONG,Ruptura,87,0,90,5,100,0,40,0,100,0,100,0,100,0,25114,00,25121,50,25080,94,25055,85,25124,36,68,51,32,99,15,00,30,50,1209,50,BreatheWhipsaw,3,3
2026-02-19,10:04,ENTRY,LONG,Ruptura,88,8,72,6,100,0,70,0,100,0,75,0,100,0,25162,50,0,00,25137,80,25065,43,25122,54,57,12,35,60,0,00,30,50,1209,50,,4,3
2026-02-19,10:06,EXIT,LONG,Ruptura,88,8,72,6,100,0,70,0,100,0,75,0,100,0,25162,50,25121,75,25137,80,25068,06,25122,17,54,11,35,20,-81,50,-51,00,1128,00,BreatheWhipsaw,4,4
2026-02-19,10:30,ENTRY,SHORT,Ruptura,82,9,5,3,100,0,100,0,100,0,75,0,74,1,25070,00,0,00,25100,75,25112,95,25115,59,2,64,34,24,0,00,-51,00,1128,00,,5,4
2026-02-19,10:32,EXIT,SHORT,Ruptura,82,9,5,3,100,0,100,0,100,0,75,0,74,1,25070,00,25119,75,25100,75,25115,69,25115,04,0,65,35,93,-99,50,-150,50,1028,50,BreatheWhipsaw,5,5
2026-02-19,10:34,ENTRY,LONG,Ruptura,83,2,6,7,100,0,100,0,100,0,75,0,75,0,25153,00,0,00,25123,93,25117,99,25114,62,3,37,36,10,0,00,-150,50,1028,50,,6,5
2026-02-19,10:52,EXIT,LONG,Ruptura,83,2,6,7,100,0,100,0,100,0,75,0,75,0,25153,00,25087,25,25123,93,25120,05,25109,50,10,55,28,69,-131,50,-282,00,897,00,TrailStop,6,5
2026-02-20,09:32,ENTRY,SHORT,Tendencia,73,1,100,0,39,0,100,0,60,1,25,0,67,8,24961,00,0,00,24961,13,24955,76,25091,62,135,86,18,88,0,00,0,00,897,00,,1,0
2026-02-20,09:33,EXIT,SHORT,Tendencia,73,1,100,0,39,0,100,0,60,1,25,0,67,8,24961,00,25012,75,24961,13,24955,76,25091,62,135,86,18,88,-103,50,-103,50,793,50,HardStop,1,0
2026-02-20,09:34,ENTRY,LONG,Ruptura,82,3,100,0,100,0,40,0,100,0,75,0,84,2,25025,25,0,00,25011,05,24958,71,25091,09,132,38,23,94,0,00,-103,50,793,50,,2,0
2026-02-20,09:36,EXIT,LONG,Ruptura,82,3,100,0,100,0,40,0,100,0,75,0,84,2,25025,25,25068,50,25011,05,24963,80,25090,74,126,94,26,69,86,50,-17,00,880,00,BreatheWhipsaw,2,1
2026-02-20,09:38,ENTRY,LONG,Pullback,67,7,100,0,10,0,40,0,57,4,100,0,95,5,25076,00,0,00,25051,50,24969,08,25090,43,121,35,28,50,0,00,-17,00,880,00,,3,1
2026-02-20,09:40,EXIT,LONG,Pullback,67,7,100,0,10,0,40,0,57,4,100,0,95,5,25076,00,25060,00,25051,50,24972,46,25090,00,117,53,30,64,-32,00,-49,00,848,00,BreatheWhipsaw,3,2
2026-02-20,10:02,ENTRY,LONG,Ruptura,85,9,43,7,100,0,70,0,100,0,75,0,100,0,25299,75,0,00,25256,84,25062,68,25087,94,25,26,45,88,0,00,-49,00,848,00,,4,2
2026-02-20,10:02,EXIT,LONG,Ruptura,85,9,43,7,100,0,70,0,100,0,75,0,100,0,25299,75,25215,00,25256,84,25062,68,25087,94,25,26,45,88,-169,50,-218,50,678,50,HardStop,4,2
2026-02-20,10:54,ENTRY,LONG,Ruptura,91,2,100,0,100,0,100,0,100,0,100,0,55,9,25338,75,0,00,25312,00,25225,01,25094,72,130,29,46,44,0,00,-218,50,678,50,,5,2
2026-02-20,11:06,EXIT,LONG,Ruptura,91,2,100,0,100,0,100,0,100,0,100,0,55,9,25338,75,25325,25,25340,00,25267,36,25100,67,166,70,37,99,-27,00,-245,50,651,50,TrailStop,5,2
2026-02-20,11:08,ENTRY,LONG,Tendencia,72,4,100,0,31,1,100,0,100,0,25,0,36,7,25329,75,0,00,25294,16,25272,24,25101,52,170,72,36,12,0,00,-245,50,651,50,,6,2
2026-02-20,11:16,EXIT,LONG,Tendencia,72,4,100,0,31,1,100,0,100,0,25,0,36,7,25329,75,25255,00,25294,16,25299,35,25105,08,194,27,33,46,-149,50,-395,00,502,00,TrailStop,6,2
2026-02-23,09:32,ENTRY,LONG,Pullback,75,4,46,8,10,0,100,0,100,0,100,0,68,3,25200,00,0,00,25190,75,25169,14,25141,51,27,63,12,04,0,00,0,00,502,00,,1,0
2026-02-23,09:38,EXIT,LONG,Pullback,75,4,46,8,10,0,100,0,100,0,100,0,68,3,25200,00,25231,25,25190,75,25176,58,25144,29,32,28,18,25,62,50,62,50,564,50,BreatheWhipsaw,1,1
2026-02-23,09:40,ENTRY,LONG,Ruptura,85,3,52,9,90,2,100,0,100,0,25,0,100,0,25239,75,0,00,25188,68,25178,65,25145,12,33,53,19,77,0,00,62,50,564,50,,2,1
2026-02-23,09:41,EXIT,LONG,Ruptura,85,3,52,9,90,2,100,0,100,0,25,0,100,0,25239,75,25135,00,25188,68,25178,65,25145,12,33,53,19,77,-209,50,-147,00,355,00,HardStop,2,1
2026-02-23,09:42,ENTRY,SHORT,Ruptura,86,6,51,4,100,0,70,0,100,0,75,0,100,0,25115,00,0,00,25147,80,25177,23,25145,59,31,64,24,07,0,00,-147,00,355,00,,3,1
2026-02-23,09:52,EXIT,SHORT,Ruptura,86,6,51,4,100,0,70,0,100,0,75,0,100,0,25115,00,25173,00,25140,00,25169,55,25147,53,22,02,31,73,-116,00,-263,00,239,00,TrailStop,3,1
2026-02-23,10:12,ENTRY,SHORT,Ruptura,80,2,20,8,91,2,100,0,85,1,25,0,100,0,25092,00,0,00,25105,00,25140,13,25150,54,10,42,35,08,0,00,-263,00,239,00,,4,1
2026-02-23,10:18,EXIT,SHORT,Ruptura,80,2,20,8,91,2,100,0,85,1,25,0,100,0,25092,00,25100,00,25105,00,25121,24,25150,86,29,63,32,80,-16,00,-279,00,223,00,TrailStop,4,1
2026-02-24,09:32,ENTRY,SHORT,Pullback,77,3,32,8,85,2,70,0,92,0,100,0,68,4,24978,25,0,00,24993,86,25065,35,25048,24,17,11,12,86,0,00,0,00,223,00,,1,0
2026-02-24,09:40,EXIT,SHORT,Pullback,77,3,32,8,85,2,70,0,92,0,100,0,68,4,24978,25,25024,00,24993,86,25037,55,25046,18,8,63,25,45,-91,50,-91,50,131,50,TrailStop,1,0
2026-02-24,09:42,ENTRY,LONG,Ruptura,83,4,18,8,100,0,70,0,100,0,75,0,100,0,25073,75,0,00,25057,91,25036,89,25046,27,9,39,28,45,0,00,-91,50,131,50,,2,0
2026-02-24,09:52,EXIT,LONG,Ruptura,83,4,18,8,100,0,70,0,100,0,75,0,100,0,25073,75,25140,00,25134,59,25050,50,25048,52,1,99,31,04,132,50,41,00,264,00,TrailStop,2,0
2026-02-24,09:54,ENTRY,LONG,Ruptura,68,7,9,0,45,5,100,0,93,0,25,0,100,0,25138,25,0,00,25121,75,25053,41,25048,91,4,50,31,09,0,00,41,00,264,00,,3,0
2026-02-24,09:56,EXIT,LONG,Ruptura,68,7,9,0,45,5,100,0,93,0,25,0,100,0,25138,25,25090,25,25121,75,25055,13,25049,16,5,97,32,28,-96,00,-55,00,168,00,BreatheWhipsaw,3,1
2026-02-24,09:58,ENTRY,LONG,Ruptura,63,7,14,3,36,9,100,0,70,4,25,0,100,0,25096,25,0,00,25081,25,25056,48,25049,31,7,17,31,91,0,00,-55,00,168,00,,4,1
2026-02-24,10:00,EXIT,LONG,Ruptura,63,7,14,3,36,9,100,0,70,4,25,0,100,0,25096,25,25081,25,25081,25,25058,93,25049,53,9,40,31,24,-30,00,-85,00,138,00,BreatheWhipsaw,4,2
2026-02-24,10:26,ENTRY,LONG,Ruptura,94,0,79,2,100,0,100,0,100,0,100,0,80,2,25173,00,0,00,25157,75,25115,86,25052,50,63,37,32,49,0,00,-85,00,138,00,,5,2
2026-02-24,10:36,EXIT,LONG,Ruptura,94,0,79,2,100,0,100,0,100,0,100,0,80,2,25173,00,25208,25,25219,00,25136,68,25056,28,80,40,30,46,70,50,-14,50,208,50,TrailStop,5,2
2026-02-24,10:38,ENTRY,LONG,Tendencia,91,5,100,0,100,0,100,0,100,0,50,0,65,0,25222,25,0,00,25208,25,25143,48,25057,15,86,32,29,72,0,00,-14,50,208,50,,6,2
2026-02-24,10:46,EXIT,LONG,Tendencia,91,5,100,0,100,0,100,0,100,0,50,0,65,0,25222,25,25216,00,25226,25,25172,45,25060,61,111,84,26,35,-12,50,-27,00,196,00,TrailStop,6,2
2026-02-24,10:48,ENTRY,LONG,Tendencia,90,1,100,0,100,0,100,0,100,0,50,0,51,4,25228,25,0,00,25218,50,25179,96,25061,66,118,30,25,31,0,00,-27,00,196,00,,7,2
2026-02-24,10:52,EXIT,LONG,Tendencia,90,1,100,0,100,0,100,0,100,0,50,0,51,4,25228,25,25218,50,25218,50,25189,25,25063,64,125,61,23,63,-19,50,-46,50,176,50,BreatheWhipsaw,7,3
2026-02-24,11:06,ENTRY,LONG,Ruptura,86,9,100,0,100,0,100,0,100,0,100,0,34,3,25248,75,0,00,25239,40,25222,41,25070,90,151,51,20,80,0,00,-46,50,176,50,,8,3
2026-02-24,11:08,EXIT,LONG,Ruptura,86,9,100,0,100,0,100,0,100,0,100,0,34,3,25248,75,25230,25,25239,40,25224,14,25071,94,152,20,21,10,-37,00,-83,50,139,50,BreatheWhipsaw,8,4
2026-02-24,11:15,ENTRY,LONG,Ruptura,86,0,100,0,98,7,100,0,100,0,100,0,31,8,25251,50,0,00,25251,75,25225,96,25075,27,150,70,20,30,0,00,-83,50,139,50,,9,4
2026-02-24,11:16,EXIT,LONG,Ruptura,86,0,100,0,98,7,100,0,100,0,100,0,31,8,25251,50,25240,50,25251,75,25227,88,25076,32,151,55,20,01,-22,00,-105,50,117,50,BreatheWhipsaw,9,5
2026-02-24,11:52,ENTRY,LONG,Ruptura,81,3,100,0,100,0,100,0,100,0,50,0,31,7,25235,00,0,00,25226,15,25224,25,25095,81,128,45,17,13,0,00,-105,50,117,50,,10,5
2026-02-24,12:02,EXIT,LONG,Ruptura,81,3,100,0,100,0,100,0,100,0,50,0,31,7,25235,00,25251,50,25247,25,25226,38,25100,91,125,46,15,48,33,00,-72,50,150,50,TrailStop,10,5
2026-02-24,12:04,ENTRY,LONG,Tendencia,85,5,100,0,100,0,100,0,100,0,25,0,30,0,25258,00,0,00,25239,90,25226,89,25101,94,124,95,14,46,0,00,-72,50,150,50,,11,5
2026-02-24,12:22,EXIT,LONG,Tendencia,85,5,100,0,100,0,100,0,100,0,25,0,30,0,25258,00,25274,50,25268,50,25254,29,25112,81,141,48,12,39,33,00,-39,50,183,50,TrailStop,11,5
2026-02-24,12:25,ENTRY,LONG,Tendencia,90,5,100,0,100,0,100,0,100,0,75,0,30,0,25285,25,0,00,25276,75,25258,16,25113,98,144,19,12,05,0,00,-39,50,183,50,,12,5
2026-02-24,12:33,EXIT,LONG,Tendencia,90,5,100,0,100,0,100,0,100,0,75,0,30,0,25285,25,25278,00,25276,75,25269,00,25118,57,150,43,11,31,-14,50,-54,00,169,00,TrailStop,12,5
2026-02-24,12:34,ENTRY,LONG,Tendencia,60,5,100,0,0,0,100,0,50,0,25,0,30,0,25283,75,0,00,25271,66,25270,75,25119,62,151,13,11,12,0,00,-54,00,169,00,,13,5
2026-02-24,12:42,EXIT,LONG,Tendencia,60,5,100,0,0,0,100,0,50,0,25,0,30,0,25283,75,25269,50,25271,66,25275,73,25123,83,151,90,9,79,-28,50,-82,50,140,50,TrailStop,13,5
2026-02-24,12:44,ENTRY,SHORT,Pullback,76,5,100,0,94,3,40,0,75,7,100,0,30,0,25259,25,0,00,25270,18,25276,19,25124,81,151,38,10,18,0,00,-82,50,140,50,,14,5
2026-02-24,12:52,EXIT,SHORT,Pullback,76,5,100,0,94,3,40,0,75,7,100,0,30,0,25259,25,25276,00,25270,18,25275,81,25129,13,146,69,9,18,-33,50,-116,00,107,00,TrailStop,14,5
2026-02-24,12:57,ENTRY,SHORT,Tendencia,75,5,100,0,100,0,40,0,100,0,75,0,30,0,25265,00,0,00,25272,92,25274,38,25131,28,143,09,9,17,0,00,-116,00,107,00,,15,5
2026-02-24,13:04,EXIT,SHORT,Tendencia,75,5,100,0,100,0,40,0,100,0,75,0,30,0,25265,00,25290,25,25272,92,25273,43,25135,63,137,79,9,45,-50,50,-166,50,56,50,TrailStop,15,5
2026-02-24,13:06,ENTRY,LONG,Tendencia,75,1,100,0,48,0,100,0,100,0,25,0,30,0,25284,75,0,00,25278,78,25273,41,25136,82,136,59,9,29,0,00,-166,50,56,50,,16,5
2026-02-24,13:08,EXIT,LONG,Tendencia,75,1,100,0,48,0,100,0,100,0,25,0,30,0,25284,75,25273,25,25278,78,25272,78,25137,98,134,80,9,32,-23,00,-189,50,33,50,BreatheWhipsaw,16,6
2026-02-24,13:38,ENTRY,LONG,Ruptura,88,6,100,0,100,0,100,0,100,0,100,0,43,0,25266,25,0,00,25259,88,25260,26,25154,34,105,92,9,49,0,00,-189,50,33,50,,17,6
2026-02-24,13:40,EXIT,LONG,Ruptura,88,6,100,0,100,0,100,0,100,0,100,0,43,0,25266,25,25263,75,25259,88,25259,88,25155,46,104,42,9,72,-5,00,-194,50,28,50,BreatheWhipsaw,17,7
2026-02-24,14:42,ENTRY,LONG,Ruptura,81,9,72,0,100,0,100,0,100,0,50,0,48,5,25248,00,0,00,25240,49,25235,23,25178,86,56,36,8,69,0,00,-194,50,28,50,,18,7
2026-02-24,14:44,EXIT,LONG,Ruptura,81,9,72,0,100,0,100,0,100,0,50,0,48,5,25248,00,25239,00,25240,49,25233,88,25179,94,53,94,9,12,-18,00,-212,50,10,50,BreatheWhipsaw,18,8
2026-02-24,14:52,ENTRY,LONG,Ruptura,80,7,64,7,100,0,100,0,100,0,50,0,46,4,25255,00,0,00,25247,50,25231,56,25183,97,47,60,8,40,0,00,-212,50,10,50,,19,8
2026-02-24,14:56,EXIT,LONG,Ruptura,80,7,64,7,100,0,100,0,100,0,50,0,46,4,25255,00,25240,75,25247,50,25232,45,25186,01,46,44,9,43,-28,50,-241,00,-18,00,BreatheWhipsaw,19,9
2026-02-24,15:34,ENTRY,LONG,Ruptura,80,4,50,6,100,0,100,0,100,0,50,0,51,5,25236,50,0,00,25233,41,25232,13,25201,40,30,73,8,79,0,00,-241,00,-18,00,,20,9
2026-02-24,15:41,EXIT,LONG,Ruptura,80,4,50,6,100,0,100,0,100,0,50,0,51,5,25236,50,25226,25,25233,41,25230,25,25202,79,27,46,8,72,-20,50,-261,50,-38,50,BreatheWhipsaw,20,10
2026-02-25,09:32,ENTRY,LONG,Ruptura,92,6,86,4,100,0,100,0,100,0,50,0,95,0,25441,25,0,00,25434,14,25376,33,25307,24,69,09,13,15,0,00,0,00,-38,50,,1,0
2026-02-25,09:34,EXIT,LONG,Ruptura,92,6,86,4,100,0,100,0,100,0,50,0,95,0,25441,25,25451,25,25434,14,25380,73,25308,03,72,70,13,42,20,00,20,00,-18,50,BreatheWhipsaw,1,1
2026-02-25,09:36,ENTRY,LONG,Tendencia,75,8,94,4,34,8,100,0,79,0,25,0,98,3,25451,25,0,00,25440,25,25384,35,25308,83,75,52,14,13,0,00,20,00,-18,50,,2,1
2026-02-25,09:40,EXIT,LONG,Tendencia,75,8,94,4,34,8,100,0,79,0,25,0,98,3,25451,25,25459,25,25440,25,25393,00,25310,67,82,33,16,55,16,00,36,00,-2,50,BreatheWhipsaw,2,2
2026-02-25,09:46,ENTRY,LONG,Ruptura,98,2,100,0,92,7,100,0,100,0,100,0,100,0,25519,00,0,00,25506,56,25411,53,25313,80,97,73,19,92,0,00,36,00,-2,50,,3,2
2026-02-25,09:54,EXIT,LONG,Ruptura,98,2,100,0,92,7,100,0,100,0,100,0,100,0,25519,00,25551,75,25537,75,25444,60,25319,55,125,05,22,54,65,50,101,50,63,00,TrailStop,3,2
2026-02-25,09:56,ENTRY,LONG,Tendencia,81,3,100,0,31,7,100,0,100,0,50,0,100,0,25555,25,0,00,25552,75,25453,86,25320,94,132,92,21,44,0,00,101,50,63,00,,4,2
2026-02-25,09:58,EXIT,LONG,Tendencia,81,3,100,0,31,7,100,0,100,0,50,0,100,0,25555,25,25548,75,25552,75,25462,78,25322,27,140,51,22,27,-13,00,88,50,50,00,BreatheWhipsaw,4,3
2026-02-25,10:00,ENTRY,LONG,Ruptura,95,0,100,0,100,0,100,0,100,0,50,0,100,0,25566,00,0,00,25556,71,25473,46,25323,69,149,78,23,05,0,00,88,50,50,00,,5,3
2026-02-25,10:06,EXIT,LONG,Ruptura,95,0,100,0,100,0,100,0,100,0,50,0,100,0,25566,00,25559,75,25556,71,25502,21,25327,72,174,49,20,99,-12,50,76,00,37,50,TrailStop,5,3
2026-02-25,10:08,ENTRY,LONG,Tendencia,91,8,100,0,100,0,100,0,100,0,25,0,93,0,25539,25,0,00,25515,15,25510,30,25329,03,181,27,21,79,0,00,76,00,37,50,,6,3
2026-02-25,10:18,EXIT,LONG,Tendencia,91,8,100,0,100,0,100,0,100,0,25,0,93,0,25539,25,25524,00,25515,15,25534,85,25335,73,199,13,20,34,-30,50,45,50,7,00,TrailStop,6,3
2026-02-25,10:24,ENTRY,SHORT,Tendencia,67,0,100,0,55,3,40,0,65,8,75,0,68,2,25535,50,0,00,25534,75,25541,79,25339,57,202,22,19,29,0,00,45,50,7,00,,7,3
2026-02-25,10:26,EXIT,SHORT,Tendencia,67,0,100,0,55,3,40,0,65,8,75,0,68,2,25535,50,25533,00,25534,75,25542,64,25340,88,201,76,19,02,5,00,50,50,12,00,BreatheWhipsaw,7,4
2026-02-25,10:33,ENTRY,LONG,Ruptura,85,1,100,0,90,2,100,0,70,2,100,0,60,0,25560,00,0,00,25547,87,25543,54,25345,05,198,49,18,17,0,00,50,50,12,00,,8,4
2026-02-25,10:34,EXIT,LONG,Ruptura,85,1,100,0,90,2,100,0,70,2,100,0,60,0,25560,00,25540,00,25547,87,25543,28,25346,41,196,87,17,95,-40,00,10,50,-28,00,BreatheWhipsaw,8,5
2026-02-25,11:34,ENTRY,LONG,Ruptura,81,0,100,0,100,0,100,0,100,0,50,0,30,0,25530,25,0,00,25531,00,25515,81,25382,87,132,94,9,93,0,00,10,50,-28,00,,9,5
2026-02-25,11:36,EXIT,LONG,Ruptura,81,0,100,0,100,0,100,0,100,0,50,0,30,0,25530,25,25523,50,25531,00,25517,19,25384,21,132,97,10,02,-13,50,-3,00,-41,50,BreatheWhipsaw,9,6
2026-02-25,11:40,ENTRY,LONG,Ruptura,81,0,100,0,100,0,100,0,100,0,50,0,30,0,25539,50,0,00,25532,75,25520,40,25386,88,133,52,9,96,0,00,-3,00,-41,50,,10,6
2026-02-25,11:55,EXIT,LONG,Ruptura,81,0,100,0,100,0,100,0,100,0,50,0,30,0,25539,50,25542,00,25546,50,25528,30,25395,38,132,92,8,16,5,00,2,00,-36,50,TrailStop,10,6
2026-02-25,11:56,ENTRY,LONG,Tendencia,60,5,100,0,0,0,100,0,50,0,25,0,30,0,25542,25,0,00,25536,03,25529,81,25396,84,132,98,7,97,0,00,2,00,-36,50,,11,6
2026-02-25,12:06,EXIT,LONG,Tendencia,60,5,100,0,0,0,100,0,50,0,25,0,30,0,25542,25,25555,00,25550,00,25537,28,25404,34,132,93,7,50,25,50,27,50,-11,00,TrailStop,11,6
2026-02-25,12:12,ENTRY,LONG,Tendencia,77,1,100,0,71,7,100,0,47,5,50,0,30,0,25560,00,0,00,25552,00,25542,15,25408,78,133,37,7,54,0,00,27,50,-11,00,,12,6
2026-02-25,12:30,EXIT,LONG,Tendencia,77,1,100,0,71,7,100,0,47,5,50,0,30,0,25560,00,25539,25,25552,00,25549,55,25417,10,132,45,7,52,-41,50,-14,00,-52,50,TrailStop,12,6
2026-02-25,12:32,ENTRY,SHORT,Tendencia,69,0,100,0,92,1,40,0,100,0,25,0,31,1,25545,25,0,00,25554,00,25549,65,25418,47,131,18,7,66,0,00,-14,00,-52,50,,13,6
2026-02-25,12:40,EXIT,SHORT,Tendencia,69,0,100,0,92,1,40,0,100,0,25,0,31,1,25545,25,25555,00,25554,00,25550,68,25423,58,127,09,6,69,-19,50,-33,50,-72,00,TrailStop,13,6
2026-02-25,12:43,ENTRY,LONG,Tendencia,88,0,100,0,100,0,100,0,100,0,50,0,30,0,25560,00,0,00,25553,50,25551,50,25424,94,126,56,6,66,0,00,-33,50,-72,00,,14,6
2026-02-25,12:46,EXIT,LONG,Tendencia,88,0,100,0,100,0,100,0,100,0,50,0,30,0,25560,00,25561,75,25553,50,25553,08,25427,61,125,47,6,66,3,50,-30,00,-68,50,BreatheWhipsaw,14,7
2026-02-25,12:58,ENTRY,LONG,Ruptura,86,9,100,0,100,0,100,0,100,0,100,0,34,5,25575,00,0,00,25570,00,25558,25,25435,83,122,42,6,63,0,00,-30,00,-68,50,,15,7
2026-02-25,13:06,EXIT,LONG,Ruptura,86,9,100,0,100,0,100,0,100,0,100,0,34,5,25575,00,25567,00,25570,00,25561,11,25441,49,119,62,6,14,-16,00,-46,00,-84,50,TrailStop,15,7
2026-02-25,13:08,ENTRY,LONG,Tendencia,60,7,100,0,0,0,100,0,50,0,25,0,32,0,25566,75,0,00,25562,63,25561,61,25442,85,118,77,5,83,0,00,-46,00,-84,50,,16,7
2026-02-25,13:16,EXIT,LONG,Tendencia,60,7,100,0,0,0,100,0,50,0,25,0,32,0,25566,75,25561,00,25562,63,25565,10,25446,95,118,15,6,02,-11,50,-57,50,-96,00,BreatheWhipsaw,16,8
2026-02-25,14:04,ENTRY,LONG,Ruptura,82,1,100,0,100,0,100,0,100,0,50,0,35,6,25584,00,0,00,25585,86,25569,14,25471,35,97,79,4,85,0,00,-57,50,-96,00,,17,8
2026-02-25,14:06,EXIT,LONG,Ruptura,82,1,100,0,100,0,100,0,100,0,50,0,35,6,25584,00,25591,00,25585,86,25570,08,25472,76,97,32,5,06,14,00,-43,50,-82,00,BreatheWhipsaw,17,9
2026-02-25,14:08,ENTRY,LONG,Ruptura,87,4,100,0,100,0,100,0,100,0,100,0,36,9,25592,75,0,00,25591,75,25571,61,25474,12,97,49,4,89,0,00,-43,50,-82,00,,18,9
2026-02-25,14:12,EXIT,LONG,Ruptura,87,4,100,0,100,0,100,0,100,0,100,0,36,9,25592,75,25588,75,25591,75,25574,66,25476,82,97,84,4,81,-8,00,-51,50,-90,00,BreatheWhipsaw,18,10
2026-02-25,14:21,ENTRY,LONG,Ruptura,85,0,100,0,100,0,100,0,100,0,75,0,37,3,25596,00,0,00,25594,47,25579,35,25480,75,98,60,4,70,0,00,-51,50,-90,00,,19,10
2026-02-25,14:24,EXIT,LONG,Ruptura,85,0,100,0,100,0,100,0,100,0,75,0,37,3,25596,00,25592,50,25594,47,25582,43,25483,28,99,15,4,77,-7,00,-58,50,-97,00,BreatheWhipsaw,19,11
2026-02-25,15:40,ENTRY,LONG,Ruptura,88,6,84,6,100,0,100,0,100,0,75,0,63,2,25594,50,0,00,25593,62,25590,44,25522,72,67,72,5,50,0,00,-58,50,-97,00,,20,11
2026-02-25,15:50,EXIT,LONG,Ruptura,88,6,84,6,100,0,100,0,100,0,75,0,63,2,25594,50,25596,50,25601,00,25592,83,25528,71,64,12,5,48,4,00,-54,50,-93,00,OutOfSession,20,11
2026-02-26,09:32,ENTRY,SHORT,Pullback,70,4,37,1,10,0,70,0,100,0,100,0,92,9,25543,25,0,00,25557,89,25600,15,25579,79,20,36,12,14,0,00,0,00,-93,00,,1,0
2026-02-26,09:56,EXIT,SHORT,Pullback,70,4,37,1,10,0,70,0,100,0,100,0,92,9,25543,25,25451,50,25453,01,25513,85,25576,46,62,61,29,19,183,50,183,50,90,50,TrailStop,1,0
2026-02-26,09:58,ENTRY,SHORT,Ruptura,93,9,88,7,100,0,100,0,100,0,50,0,100,0,25420,00,0,00,25450,25,25505,04,25576,03,70,99,28,65,0,00,183,50,90,50,,2,0
2026-02-26,10:28,EXIT,SHORT,Ruptura,93,9,88,7,100,0,100,0,100,0,50,0,100,0,25420,00,25134,00,25183,40,25321,94,25558,35,236,42,40,65,572,00,755,50,662,50,TrailStop,2,0
2026-02-27,09:32,ENTRY,SHORT,Tendencia,62,2,100,0,10,0,100,0,20,0,25,0,57,4,25044,25,0,00,25056,86,25055,78,25197,63,141,86,18,36,0,00,0,00,662,50,,1,0
2026-02-27,09:33,EXIT,SHORT,Tendencia,62,2,100,0,10,0,100,0,20,0,25,0,57,4,25044,25,25109,00,25056,86,25055,78,25197,63,141,86,18,36,-129,50,-129,50,533,00,HardStop,1,0
2026-02-27,09:34,ENTRY,LONG,Pullback,85,1,100,0,100,0,40,0,100,0,100,0,70,8,25115,00,0,00,25092,77,25058,01,25196,85,138,83,22,97,0,00,-129,50,533,00,,2,0
2026-02-27,09:36,EXIT,LONG,Pullback,85,1,100,0,100,0,40,0,100,0,100,0,70,8,25115,00,25099,50,25092,77,25060,20,25196,04,135,84,23,47,-31,00,-160,50,502,00,BreatheWhipsaw,2,1
2026-02-27,09:38,ENTRY,LONG,Ruptura,74,6,100,0,96,5,40,0,100,0,25,0,74,6,25069,00,0,00,25065,00,25060,49,25195,06,134,57,25,01,0,00,-160,50,502,00,,3,1
2026-02-27,09:40,EXIT,LONG,Ruptura,74,6,100,0,96,5,40,0,100,0,25,0,74,6,25069,00,25109,25,25065,00,25061,68,25194,38,132,71,28,01,80,50,-80,00,582,50,BreatheWhipsaw,3,2
2026-02-27,09:44,ENTRY,SHORT,Ruptura,94,7,100,0,95,1,100,0,100,0,75,0,92,1,25010,00,0,00,25036,63,25058,90,25192,24,133,34,32,84,0,00,-80,00,582,50,,4,2
2026-02-27,09:45,EXIT,SHORT,Ruptura,94,7,100,0,95,1,100,0,100,0,75,0,92,1,25010,00,25084,25,25036,63,25058,90,25192,24,133,34,32,84,-148,50,-228,50,434,00,HardStop,4,2
2026-02-27,10:08,ENTRY,LONG,Ruptura,80,2,100,0,94,7,40,0,100,0,75,0,80,2,25187,00,0,00,25160,00,25101,36,25185,91,84,54,38,83,0,00,-228,50,434,00,,5,2
2026-02-27,10:16,EXIT,LONG,Ruptura,80,2,100,0,94,7,40,0,100,0,75,0,80,2,25187,00,25171,50,25192,00,25125,15,25184,69,59,54,35,62,-31,00,-259,50,403,00,TrailStop,5,2
2026-02-27,10:18,ENTRY,SHORT,Pullback,64,9,70,0,25,7,20,0,100,0,100,0,65,9,25160,50,0,00,25171,50,25130,21,25184,27,54,06,34,26,0,00,-259,50,403,00,,6,2
2026-02-27,10:22,EXIT,SHORT,Pullback,64,9,70,0,25,7,20,0,100,0,100,0,65,9,25160,50,25177,00,25171,50,25137,68,25183,51,45,84,34,00,-33,00,-292,50,370,00,BreatheWhipsaw,6,3
2026-03-27,09:34,ENTRY,LONG,Tendencia,73,7,100,0,99,5,40,0,100,0,25,0,62,9,23613,50,0,00,23612,75,23612,93,23733,32,120,39,22,01,0,00,0,00,0,00,,1,0
2026-03-27,09:36,EXIT,LONG,Tendencia,73,7,100,0,99,5,40,0,100,0,25,0,62,9,23613,50,23580,25,23612,75,23610,74,23731,73,120,99,23,08,-66,50,-66,50,-66,50,BreatheWhipsaw,1,1
2026-03-27,09:50,ENTRY,LONG,Pullback,73,9,100,0,70,4,40,0,92,6,75,0,77,0,23634,00,0,00,23616,00,23607,70,23721,15,113,45,29,81,0,00,-66,50,-66,50,,5,1
2026-03-27,09:52,EXIT,LONG,Pullback,73,9,100,0,70,4,40,0,92,6,75,0,77,0,23634,00,23615,00,23616,00,23608,85,23719,80,110,95,30,40,-38,00,-104,50,-104,50,BreatheWhipsaw,5,2
2026-03-27,09:58,ENTRY,SHORT,Ruptura,90,6,100,0,80,7,100,0,90,5,100,0,84,1,23507,25,0,00,23533,59,23599,63,23714,44,114,81,34,78,0,00,-104,50,-104,50,,6,2
2026-03-27,10:06,EXIT,SHORT,Ruptura,90,6,100,0,80,7,100,0,90,5,100,0,84,1,23507,25,23499,00,23516,25,23573,33,23706,60,133,28,36,74,16,50,-88,00,-88,00,TrailStop,6,2
2026-03-27,10:08,ENTRY,SHORT,Tendencia,79,2,100,0,61,1,100,0,65,8,25,0,79,3,23511,25,0,00,23518,50,23566,81,23704,79,137,98,35,81,0,00,-88,00,-88,00,,7,2
2026-03-27,10:14,EXIT,SHORT,Tendencia,79,2,100,0,61,1,100,0,65,8,25,0,79,3,23511,25,23519,25,23518,50,23546,83,23699,42,152,60,35,57,-16,00,-104,00,-104,00,BreatheWhipsaw,7,3
2026-03-27,10:42,ENTRY,SHORT,Ruptura,87,2,100,0,83,6,100,0,100,0,100,0,56,6,23457,00,0,00,23481,54,23503,61,23673,50,169,89,32,39,0,00,-104,00,-104,00,,8,3
2026-03-27,10:48,EXIT,SHORT,Ruptura,87,2,100,0,83,6,100,0,100,0,100,0,56,6,23457,00,23460,50,23481,54,23497,50,23667,50,170,00,31,21,-7,00,-111,00,-111,00,TrailStop,8,3
2026-03-27,10:50,ENTRY,SHORT,Tendencia,79,7,100,0,58,7,100,0,100,0,25,0,55,1,23486,75,0,00,23490,50,23496,46,23665,77,169,30,32,68,0,00,-111,00,-111,00,,9,3
2026-03-27,10:52,EXIT,SHORT,Tendencia,79,7,100,0,58,7,100,0,100,0,25,0,55,1,23486,75,23519,75,23490,50,23498,24,23664,21,165,97,33,47,-66,00,-177,00,-177,00,BreatheWhipsaw,9,4
2026-03-27,12:12,ENTRY,SHORT,Ruptura,85,0,73,5,100,0,100,0,100,0,100,0,38,2,23504,75,0,00,23523,81,23555,73,23613,91,58,18,25,41,0,00,-177,00,-177,00,,10,4
2026-03-27,12:22,EXIT,SHORT,Ruptura,85,0,73,5,100,0,100,0,100,0,100,0,38,2,23504,75,23498,50,23505,00,23533,34,23606,67,73,33,22,90,12,50,-164,50,-164,50,TrailStop,10,4
2026-03-27,12:26,ENTRY,SHORT,Tendencia,62,3,92,3,18,2,100,0,47,3,25,0,33,2,23504,00,0,00,23510,25,23530,05,23603,92,73,87,22,14,0,00,-164,50,-164,50,,11,4
2026-03-27,12:46,EXIT,SHORT,Tendencia,62,3,92,3,18,2,100,0,47,3,25,0,33,2,23504,00,23474,25,23471,50,23491,16,23590,30,99,13,20,14,59,50,-105,00,-105,00,TrailStop,11,4
2026-03-27,12:48,ENTRY,SHORT,Tendencia,66,5,100,0,18,8,100,0,70,7,25,0,31,8,23477,75,0,00,23481,75,23488,21,23588,97,100,75,19,73,0,00,-105,00,-105,00,,12,4
2026-03-27,12:50,EXIT,SHORT,Tendencia,66,5,100,0,18,8,100,0,70,7,25,0,31,8,23477,75,23500,00,23481,75,23486,89,23587,66,100,77,20,13,-44,50,-149,50,-149,50,BreatheWhipsaw,12,5
2026-03-27,13:20,ENTRY,SHORT,Ruptura,82,0,100,0,90,7,100,0,100,0,50,0,46,6,23440,00,0,00,23457,75,23472,20,23568,31,96,11,22,66,0,00,-149,50,-149,50,,13,5
2026-03-27,14:18,EXIT,SHORT,Ruptura,82,0,100,0,90,7,100,0,100,0,50,0,46,6,23440,00,23350,00,23351,32,23361,60,23528,19,166,59,16,17,180,00,30,50,30,50,TrailStop,13,5
2026-03-27,14:20,ENTRY,SHORT,Tendencia,65,5,100,0,10,0,100,0,69,3,25,0,40,3,23353,75,0,00,23360,00,23359,44,23526,71,167,27,16,59,0,00,30,50,30,50,,14,5
2026-03-27,14:22,EXIT,SHORT,Tendencia,65,5,100,0,10,0,100,0,69,3,25,0,40,3,23353,75,23369,00,23360,00,23358,38,23525,31,166,94,16,71,-30,50,0,00,0,00,BreatheWhipsaw,14,6
2026-03-27,15:08,ENTRY,SHORT,Ruptura,82,6,100,0,74,1,100,0,100,0,100,0,45,5,23320,75,0,00,23329,00,23350,91,23491,00,140,09,16,20,0,00,0,00,0,00,,15,6
2026-03-27,15:10,EXIT,SHORT,Ruptura,82,6,100,0,74,1,100,0,100,0,100,0,45,5,23320,75,23332,25,23329,00,23349,53,23489,43,139,90,16,15,-23,00,-23,00,-23,00,BreatheWhipsaw,15,7
2026-03-27,15:44,ENTRY,SHORT,Ruptura,89,2,100,0,95,8,100,0,100,0,100,0,51,3,23307,00,0,00,23319,22,23332,18,23464,61,132,43,16,96,0,00,-23,00,-23,00,,16,7
2026-03-27,15:46,EXIT,SHORT,Ruptura,89,2,100,0,95,8,100,0,100,0,100,0,51,3,23307,00,23311,25,23319,22,23331,28,23463,19,131,91,17,05,-8,50,-31,50,-31,50,BreatheWhipsaw,16,8
2026-03-27,15:48,ENTRY,SHORT,Ruptura,82,5,100,0,96,3,100,0,84,6,50,0,53,6,23289,00,0,00,23303,34,23329,70,23461,65,131,95,17,78,0,00,-31,50,-31,50,,17,8
2026-03-27,15:50,EXIT,SHORT,Ruptura,82,5,100,0,96,3,100,0,84,6,50,0,53,6,23289,00,23298,50,23303,34,23328,01,23460,17,132,16,18,46,-19,00,-50,50,-50,50,BreatheWhipsaw,17,9
2026-03-30,09:34,ENTRY,LONG,Tendencia,73,9,90,9,49,4,100,0,31,7,75,0,56,1,23535,00,0,00,23516,74,23506,21,23433,49,72,73,18,01,0,00,0,00,-50,50,,1,0
2026-03-30,09:36,EXIT,LONG,Tendencia,73,9,90,9,49,4,100,0,31,7,75,0,56,1,23535,00,23492,00,23516,74,23505,78,23433,99,71,78,20,01,-86,00,-86,00,-136,50,BreatheWhipsaw,1,1
2026-03-30,10:16,ENTRY,LONG,Pullback,78,2,88,2,65,7,40,0,95,8,100,0,77,5,23371,25,0,00,23351,50,23361,36,23431,90,70,53,30,53,0,00,-86,00,-136,50,,10,1
2026-03-30,10:18,EXIT,LONG,Pullback,78,2,88,2,65,7,40,0,95,8,100,0,77,5,23371,25,23342,75,23351,50,23356,30,23431,69,75,39,31,54,-57,00,-143,00,-193,50,BreatheWhipsaw,10,2
2026-03-30,10:38,ENTRY,SHORT,Ruptura,90,5,100,0,100,0,100,0,100,0,75,0,65,2,23302,25,0,00,23325,20,23334,66,23429,05,94,39,30,26,0,00,-143,00,-193,50,,11,2
2026-03-30,10:42,EXIT,SHORT,Ruptura,90,5,100,0,100,0,100,0,100,0,75,0,65,2,23302,25,23313,25,23325,20,23335,39,23428,24,92,85,29,93,-22,00,-165,00,-215,50,BreatheWhipsaw,11,3
2026-03-30,11:18,ENTRY,SHORT,Ruptura,88,8,100,0,91,3,100,0,100,0,100,0,54,9,23306,50,0,00,23331,87,23333,94,23421,07,87,13,33,49,0,00,-165,00,-215,50,,12,3
2026-03-30,11:26,EXIT,SHORT,Ruptura,88,8,100,0,91,3,100,0,100,0,100,0,54,9,23306,50,23334,00,23331,87,23337,19,23418,67,81,48,31,69,-55,00,-220,00,-270,50,TrailStop,12,3
2026-03-30,11:28,ENTRY,LONG,Pullback,78,5,97,1,75,0,40,0,97,6,100,0,50,1,23349,75,0,00,23330,75,23340,51,23418,23,77,72,31,30,0,00,-220,00,-270,50,,13,3
2026-03-30,11:32,EXIT,LONG,Pullback,78,5,97,1,75,0,40,0,97,6,100,0,50,1,23349,75,23329,25,23330,75,23342,24,23417,29,75,06,29,88,-41,00,-261,00,-311,50,BreatheWhipsaw,13,4
2026-03-31,09:34,ENTRY,LONG,Tendencia,84,5,70,5,100,0,100,0,100,0,75,0,43,4,23433,50,0,00,23417,10,23387,90,23333,24,54,66,22,21,0,00,0,00,-311,50,,1,0
2026-03-31,09:36,EXIT,LONG,Tendencia,84,5,70,5,100,0,100,0,100,0,75,0,43,4,23433,50,23424,25,23417,10,23388,10,23333,97,54,13,24,76,-18,50,-18,50,-330,00,BreatheWhipsaw,1,1
2026-03-31,09:38,ENTRY,LONG,Tendencia,63,0,70,6,10,0,100,0,80,4,50,0,53,2,23427,50,0,00,23414,50,23389,39,23334,65,54,74,26,28,0,00,-18,50,-330,00,,2,1
2026-03-31,09:40,EXIT,LONG,Tendencia,63,0,70,6,10,0,100,0,80,4,50,0,53,2,23427,50,23437,50,23414,50,23392,29,23335,39,56,89,27,67,20,00,1,50,-310,00,BreatheWhipsaw,2,2
2026-03-31,09:50,ENTRY,LONG,Ruptura,82,9,91,7,76,7,100,0,80,9,100,0,61,9,23482,75,0,00,23459,22,23412,84,23339,48,73,36,31,71,0,00,1,50,-310,00,,3,2
2026-03-31,10:00,EXIT,LONG,Ruptura,82,9,91,7,76,7,100,0,80,9,100,0,61,9,23482,75,23522,00,23518,23,23449,85,23346,12,103,73,34,55,78,50,80,00,-231,50,TrailStop,3,2
2026-03-31,10:02,ENTRY,LONG,Tendencia,91,8,100,0,100,0,100,0,100,0,50,0,68,2,23577,50,0,00,23550,45,23458,75,23347,80,110,95,36,06,0,00,80,00,-231,50,,4,2
2026-03-31,10:04,EXIT,LONG,Tendencia,91,8,100,0,100,0,100,0,100,0,50,0,68,2,23577,50,23568,75,23550,45,23467,41,23349,34,118,07,35,90,-17,50,62,50,-249,00,BreatheWhipsaw,4,3
2026-03-31,11:16,ENTRY,LONG,Ruptura,87,6,100,0,100,0,100,0,99,3,75,0,50,8,23531,50,0,00,23505,93,23468,69,23379,88,88,81,33,76,0,00,62,50,-249,00,,5,3
2026-03-31,11:24,EXIT,LONG,Ruptura,87,6,100,0,100,0,100,0,99,3,75,0,50,8,23531,50,23500,25,23528,50,23470,28,23384,12,86,16,33,13,-62,50,0,00,-311,50,TrailStop,5,3
2026-03-31,11:26,ENTRY,LONG,Tendencia,85,1,100,0,82,0,100,0,88,0,50,0,48,7,23521,75,0,00,23496,71,23472,00,23385,12,86,88,33,05,0,00,0,00,-311,50,,6,3
2026-03-31,11:30,EXIT,LONG,Tendencia,85,1,100,0,82,0,100,0,88,0,50,0,48,7,23521,75,23496,25,23496,71,23475,64,23387,12,88,52,33,31,-51,00,-51,00,-362,50,BreatheWhipsaw,6,4
2026-03-31,12:10,ENTRY,LONG,Ruptura,86,8,100,0,100,0,100,0,100,0,75,0,46,4,23528,00,0,00,23504,51,23486,25,23402,84,83,41,30,65,0,00,-51,00,-362,50,,7,4
2026-03-31,12:14,EXIT,LONG,Ruptura,86,8,100,0,100,0,100,0,100,0,75,0,46,4,23528,00,23497,50,23504,51,23488,80,23404,78,84,02,29,95,-61,00,-112,00,-423,50,BreatheWhipsaw,7,5
2026-03-31,12:20,ENTRY,LONG,Ruptura,82,6,100,0,75,8,100,0,100,0,100,0,43,4,23538,75,0,00,23522,75,23493,23,23407,80,85,43,28,83,0,00,-112,00,-423,50,,8,5
2026-03-31,12:22,EXIT,LONG,Ruptura,82,6,100,0,75,8,100,0,100,0,100,0,43,4,23538,75,23530,00,23522,75,23494,44,23408,90,85,54,28,17,-17,50,-129,50,-441,00,BreatheWhipsaw,8,6
2026-03-31,12:28,ENTRY,LONG,Ruptura,83,2,100,0,100,0,100,0,100,0,50,0,41,0,23563,75,0,00,23543,34,23503,70,23412,35,91,35,27,21,0,00,-129,50,-441,00,,9,6
2026-03-31,12:30,EXIT,LONG,Ruptura,83,2,100,0,100,0,100,0,100,0,50,0,41,0,23563,75,23547,75,23543,34,23508,09,23413,53,94,56,27,14,-32,00,-161,50,-473,00,BreatheWhipsaw,9,7
2026-03-31,12:42,ENTRY,LONG,Ruptura,87,7,100,0,100,0,100,0,100,0,75,0,51,0,23668,50,0,00,23644,73,23535,39,23421,16,114,23,31,02,0,00,-161,50,-473,00,,10,7
2026-03-31,13:10,EXIT,LONG,Ruptura,87,7,100,0,100,0,100,0,100,0,75,0,51,0,23668,50,23809,75,23786,85,23720,14,23454,16,265,97,49,09,282,50,121,00,-190,50,TrailStop,10,7
2026-03-31,13:12,ENTRY,LONG,Tendencia,80,2,100,0,61,6,100,0,82,1,25,0,71,4,23774,75,0,00,23760,25,23731,35,23456,46,274,89,50,41,0,00,121,00,-190,50,,11,7
2026-03-31,13:28,EXIT,LONG,Tendencia,80,2,100,0,61,6,100,0,82,1,25,0,71,4,23774,75,23828,75,23839,50,23803,76,23479,30,324,46,44,47,108,00,229,00,-82,50,TrailStop,11,7
2026-03-31,13:30,ENTRY,SHORT,Tendencia,73,0,100,0,85,5,40,0,76,2,75,0,57,4,23805,50,0,00,23837,25,23807,78,23482,05,325,73,43,72,0,00,229,00,-82,50,,12,7
2026-03-31,13:34,EXIT,SHORT,Tendencia,73,0,100,0,85,5,40,0,76,2,75,0,57,4,23805,50,23834,25,23837,25,23813,69,23487,66,326,03,42,42,-57,50,171,50,-140,00,BreatheWhipsaw,12,8
2026-03-31,14:20,ENTRY,LONG,Ruptura,81,7,100,0,82,4,100,0,100,0,100,0,30,5,23833,25,0,00,23817,00,23798,18,23543,27,254,91,30,02,0,00,171,50,-140,00,,13,8
2026-03-31,14:22,EXIT,LONG,Ruptura,81,7,100,0,82,4,100,0,100,0,100,0,30,5,23833,25,23824,75,23817,00,23799,78,23545,61,254,17,29,36,-17,00,154,50,-157,00,BreatheWhipsaw,13,9
2026-03-31,14:40,ENTRY,LONG,Ruptura,85,0,100,0,97,2,100,0,98,1,100,0,30,0,23857,00,0,00,23837,47,23814,33,23566,49,247,84,26,38,0,00,154,50,-157,00,,14,9
2026-03-31,14:44,EXIT,LONG,Ruptura,85,0,100,0,97,2,100,0,98,1,100,0,30,0,23857,00,23837,00,23837,47,23821,05,23571,22,249,83,25,14,-40,00,114,50,-197,00,BreatheWhipsaw,14,10
2026-03-31,15:14,ENTRY,LONG,Ruptura,81,4,100,0,100,0,100,0,100,0,50,0,32,1,23879,25,0,00,23863,73,23853,35,23607,86,245,49,22,03,0,00,114,50,-197,00,,15,10
2026-03-31,15:22,EXIT,LONG,Ruptura,81,4,100,0,100,0,100,0,100,0,50,0,32,1,23879,25,23883,75,23875,50,23861,93,23617,24,244,68,21,99,9,00,123,50,-188,00,TrailStop,15,10
2026-03-31,15:24,ENTRY,LONG,Tendencia,81,1,100,0,49,9,100,0,100,0,75,0,36,0,23896,00,0,00,23882,00,23864,80,23619,68,245,13,22,17,0,00,123,50,-188,00,,16,10
2026-03-31,15:30,EXIT,LONG,Tendencia,81,1,100,0,49,9,100,0,100,0,75,0,36,0,23896,00,23880,00,23882,00,23871,11,23626,89,244,22,21,07,-32,00,91,50,-220,00,TrailStop,16,10
2026-03-31,15:32,ENTRY,LONG,Tendencia,67,1,100,0,10,0,100,0,66,3,50,0,34,5,23882,25,0,00,23877,00,23872,64,23629,28,243,35,20,34,0,00,91,50,-220,00,,17,10
2026-03-31,15:36,EXIT,LONG,Tendencia,67,1,100,0,10,0,100,0,66,3,50,0,34,5,23882,25,23887,75,23877,00,23875,26,23634,02,241,24,20,30,11,00,102,50,-209,00,BreatheWhipsaw,17,11
2026-03-31,15:50,ENTRY,LONG,Ruptura,85,2,100,0,100,0,100,0,98,6,75,0,39,8,23932,00,0,00,23917,14,23892,11,23652,57,239,54,20,15,0,00,102,50,-209,00,,18,11
2026-03-31,15:52,EXIT,LONG,Ruptura,85,2,100,0,100,0,100,0,98,6,75,0,39,8,23932,00,23938,50,23917,14,23896,76,23655,33,241,43,19,81,13,00,115,50,-196,00,OutOfSession,18,11
2026-04-01,09:34,ENTRY,LONG,Ruptura,78,7,53,2,100,0,70,0,100,0,50,0,72,0,24150,50,0,00,24112,56,24073,18,24106,98,33,81,29,94,0,00,0,00,-196,00,,1,0
2026-04-01,09:43,EXIT,LONG,Ruptura,78,7,53,2,100,0,70,0,100,0,50,0,72,0,24150,50,24075,00,24112,56,24094,20,24106,99,12,79,29,94,-151,00,-151,00,-347,00,HardStop,1,0
2026-04-01,09:44,ENTRY,SHORT,Ruptura,83,9,24,0,100,0,100,0,88,3,75,0,78,7,24071,00,0,00,24096,35,24094,54,24106,55,12,01,35,46,0,00,-151,00,-347,00,,2,0
2026-04-01,09:46,EXIT,SHORT,Ruptura,83,9,24,0,100,0,100,0,88,3,75,0,78,7,24071,00,24086,00,24096,35,24096,50,24106,22,9,72,36,80,-30,00,-181,00,-377,00,BreatheWhipsaw,2,1
2026-04-01,09:48,ENTRY,SHORT,Ruptura,63,5,16,6,56,2,100,0,46,5,50,0,79,2,24065,75,0,00,24102,59,24097,49,24105,78,8,29,37,09,0,00,-181,00,-377,00,,3,1
2026-04-01,09:52,EXIT,SHORT,Ruptura,63,5,16,6,56,2,100,0,46,5,50,0,79,2,24065,75,24112,00,24102,59,24100,75,24105,17,4,42,37,55,-92,50,-273,50,-469,50,BreatheWhipsaw,3,2
2026-04-02,09:32,ENTRY,LONG,Pullback,85,9,68,9,100,0,70,0,100,0,100,0,65,5,23814,00,0,00,23797,29,23738,48,23791,15,52,68,21,28,0,00,0,00,-469,50,,1,0
2026-04-02,09:34,EXIT,LONG,Pullback,85,9,68,9,100,0,70,0,100,0,100,0,65,5,23814,00,23781,25,23797,29,23740,23,23791,05,50,82,23,55,-65,50,-65,50,-535,00,BreatheWhipsaw,1,1
2026-04-02,09:36,ENTRY,SHORT,Ruptura,89,6,67,6,100,0,100,0,100,0,75,0,76,8,23741,00,0,00,23753,47,23739,56,23790,71,51,14,25,63,0,00,-65,50,-535,00,,2,1
2026-04-02,09:38,EXIT,SHORT,Ruptura,89,6,67,6,100,0,100,0,100,0,75,0,76,8,23741,00,23752,25,23753,47,23739,88,23790,40,50,52,26,07,-22,50,-88,00,-557,50,BreatheWhipsaw,2,2
2026-04-02,09:40,ENTRY,SHORT,Ruptura,88,7,68,1,100,0,100,0,100,0,50,0,84,4,23688,25,0,00,23711,30,23738,09,23789,76,51,68,29,06,0,00,-88,00,-557,50,,3,2
2026-04-02,09:42,EXIT,SHORT,Ruptura,88,7,68,1,100,0,100,0,100,0,50,0,84,4,23688,25,23737,50,23711,30,23738,18,23789,40,51,22,30,86,-98,50,-186,50,-656,00,BreatheWhipsaw,3,3
2026-04-02,09:54,ENTRY,LONG,Ruptura,80,1,56,4,81,9,70,0,94,1,75,0,91,7,23828,25,0,00,23805,24,23750,21,23787,92,37,70,36,35,0,00,-186,50,-656,00,,4,3
2026-04-02,10:04,EXIT,LONG,Ruptura,80,1,56,4,81,9,70,0,94,1,75,0,91,7,23828,25,23882,00,23882,50,23787,08,23789,33,2,26,36,88,107,50,-79,00,-548,50,TrailStop,4,3
2026-04-02,10:08,ENTRY,LONG,Ruptura,81,0,28,1,75,0,100,0,100,0,75,0,84,6,23924,00,0,00,23896,50,23804,34,23790,27,14,07,38,67,0,00,-79,00,-548,50,,5,3
2026-04-02,10:26,EXIT,LONG,Ruptura,81,0,28,1,75,0,100,0,100,0,75,0,84,6,23924,00,23953,00,23966,00,23901,78,23795,92,105,85,37,49,58,00,-21,00,-490,50,TrailStop,5,3
2026-04-02,10:28,ENTRY,LONG,Tendencia,71,7,100,0,19,9,100,0,84,4,25,0,68,0,23946,00,0,00,23938,25,23910,13,23796,38,113,75,37,02,0,00,-21,00,-490,50,,6,3
2026-04-02,10:32,EXIT,LONG,Tendencia,71,7,100,0,19,9,100,0,84,4,25,0,68,0,23946,00,23962,25,23938,25,23927,15,23797,35,129,80,36,89,32,50,11,50,-458,00,BreatheWhipsaw,6,4
2026-04-02,10:34,ENTRY,LONG,Ruptura,87,8,100,0,91,4,100,0,88,8,75,0,70,6,24023,25,0,00,23993,82,23936,73,23798,17,138,55,40,24,0,00,11,50,-458,00,,7,4
2026-04-02,15:50,EXIT,LONG,Ruptura,87,8,100,0,91,4,100,0,88,8,75,0,70,6,24023,25,24172,00,24023,25,24151,79,24075,39,76,39,15,01,297,50,309,00,-160,50,OutOfSession,7,4
2026-04-06,09:32,ENTRY,LONG,Ruptura,79,6,39,5,100,0,70,0,100,0,50,0,83,3,24344,25,0,00,24323,69,24297,59,24319,68,22,09,20,31,0,00,0,00,-160,50,,1,0
2026-04-06,09:34,EXIT,LONG,Ruptura,79,6,39,5,100,0,70,0,100,0,50,0,83,3,24344,25,24358,25,24323,69,24300,36,24320,21,19,85,23,32,28,00,28,00,-132,50,BreatheWhipsaw,1,1
2026-04-06,09:36,ENTRY,LONG,Ruptura,80,0,36,0,100,0,70,0,100,0,25,0,99,5,24319,00,0,00,24324,00,24301,10,24320,59,19,49,25,21,0,00,28,00,-132,50,,2,1
2026-04-06,09:36,EXIT,LONG,Ruptura,80,0,36,0,100,0,70,0,100,0,25,0,99,5,24319,00,24257,25,24324,00,24301,10,24320,59,19,49,25,21,-123,50,-95,50,-256,00,HardStop,2,1
2026-04-06,09:38,ENTRY,SHORT,Ruptura,88,6,38,5,89,1,100,0,100,0,75,0,100,0,24269,25,0,00,24289,34,24299,23,24320,63,21,41,29,12,0,00,-95,50,-256,00,,3,1
2026-04-06,09:40,EXIT,SHORT,Ruptura,88,6,38,5,89,1,100,0,100,0,75,0,100,0,24269,25,24292,00,24289,34,24298,63,24320,82,22,20,30,88,-45,50,-141,00,-301,50,BreatheWhipsaw,3,2
2026-04-06,10:06,ENTRY,SHORT,Ruptura,85,1,24,9,100,0,70,0,90,9,100,0,100,0,24288,00,0,00,24314,20,24341,39,24328,95,12,44,43,27,0,00,-141,00,-301,50,,4,2
2026-04-06,10:10,EXIT,SHORT,Ruptura,85,1,24,9,100,0,70,0,90,9,100,0,100,0,24288,00,24316,00,24314,20,24344,23,24329,59,14,63,42,27,-56,00,-197,00,-357,50,BreatheWhipsaw,4,3
2026-04-07,09:38,ENTRY,LONG,Ruptura,66,4,66,6,77,5,40,0,100,0,50,0,61,5,24243,00,0,00,24216,46,24228,55,24278,47,49,92,28,79,0,00,0,00,-357,50,,1,0
2026-04-07,09:40,EXIT,LONG,Ruptura,66,4,66,6,77,5,40,0,100,0,50,0,61,5,24243,00,24204,00,24216,46,24228,33,24278,32,49,99,30,79,-78,00,-78,00,-435,50,BreatheWhipsaw,1,1
2026-04-07,09:42,ENTRY,SHORT,Pullback,63,4,67,3,16,3,100,0,36,6,75,0,66,5,24204,00,0,00,24231,84,24227,35,24278,08,50,73,31,84,0,00,-78,00,-435,50,,2,1
2026-04-07,09:44,EXIT,SHORT,Pullback,63,4,67,3,16,3,100,0,36,6,75,0,66,5,24204,00,24206,25,24231,84,24226,38,24277,86,51,49,31,87,-4,50,-82,50,-440,00,BreatheWhipsaw,2,2
2026-04-07,09:48,ENTRY,SHORT,Ruptura,83,0,72,3,86,2,100,0,89,8,75,0,66,3,24162,50,0,00,24184,79,24220,55,24277,29,56,74,32,73,0,00,-82,50,-440,00,,3,2
2026-04-07,09:56,EXIT,SHORT,Ruptura,83,0,72,3,86,2,100,0,89,8,75,0,66,3,24162,50,24196,25,24184,79,24209,91,24276,11,66,19,31,86,-67,50,-150,00,-507,50,TrailStop,3,2
2026-04-07,09:58,ENTRY,SHORT,Tendencia,88,3,87,1,100,0,100,0,100,0,50,0,65,6,24150,50,0,00,24173,35,24205,96,24275,63,69,67,33,46,0,00,-150,00,-507,50,,4,2
2026-04-07,10:16,EXIT,SHORT,Tendencia,88,3,87,1,100,0,100,0,100,0,50,0,65,6,24150,50,24048,50,24045,72,24128,05,24267,99,139,94,33,40,204,00,54,00,-303,50,TrailStop,4,2
2026-04-07,10:18,ENTRY,SHORT,Tendencia,62,7,100,0,10,0,100,0,20,0,25,0,61,7,24045,25,0,00,24069,50,24118,13,24267,08,148,95,33,41,0,00,54,00,-303,50,,5,2
2026-04-07,10:22,EXIT,SHORT,Tendencia,62,7,100,0,10,0,100,0,20,0,25,0,61,7,24045,25,24098,50,24069,50,24105,35,24265,53,160,18,34,26,-106,50,-52,50,-410,00,BreatheWhipsaw,5,3
2026-04-07,10:44,ENTRY,SHORT,Ruptura,91,8,100,0,100,0,100,0,100,0,100,0,58,8,24063,75,0,00,24087,25,24075,68,24257,48,181,80,35,70,0,00,-52,50,-410,00,,6,3
2026-04-07,10:46,EXIT,SHORT,Ruptura,91,8,100,0,100,0,100,0,100,0,100,0,58,8,24063,75,24074,50,24087,25,24076,18,24256,44,180,27,35,15,-21,50,-74,00,-431,50,BreatheWhipsaw,6,4
2026-04-07,10:52,ENTRY,SHORT,Ruptura,86,5,100,0,95,1,100,0,93,0,75,0,56,2,24053,00,0,00,24079,70,24083,74,24253,10,169,36,35,26,0,00,-74,00,-431,50,,7,4
2026-04-07,10:54,EXIT,SHORT,Ruptura,86,5,100,0,95,1,100,0,93,0,75,0,56,2,24053,00,24069,00,24079,70,24086,05,24251,87,165,82,35,42,-32,00,-106,00,-463,50,BreatheWhipsaw,7,5
2026-04-07,10:56,ENTRY,SHORT,Ruptura,85,9,100,0,100,0,100,0,100,0,50,0,54,4,24050,50,0,00,24070,00,24086,13,24250,47,164,34,34,64,0,00,-106,00,-463,50,,8,5
2026-04-07,11:04,EXIT,SHORT,Ruptura,85,9,100,0,100,0,100,0,100,0,50,0,54,4,24050,50,23982,50,24011,75,24072,39,24243,95,171,56,35,23,136,00,30,00,-327,50,TrailStop,8,5
2026-04-07,11:06,ENTRY,SHORT,Tendencia,92,9,100,0,92,0,100,0,90,1,100,0,54,7,23948,25,0,00,23975,72,24063,99,24241,94,177,95,36,30,0,00,30,00,-327,50,,9,5
2026-04-07,11:11,EXIT,SHORT,Tendencia,92,9,100,0,92,0,100,0,90,1,100,0,54,7,23948,25,24016,00,23975,72,24050,64,24238,20,187,56,34,25,-135,50,-105,50,-463,00,HardStop,9,5
2026-04-07,11:12,ENTRY,SHORT,Tendencia,85,8,100,0,97,4,100,0,85,1,25,0,52,7,24008,75,0,00,24020,00,24046,29,24236,48,190,20,35,77,0,00,-105,50,-463,00,,10,5
2026-04-07,11:15,EXIT,SHORT,Tendencia,85,8,100,0,97,4,100,0,85,1,25,0,52,7,24008,75,24077,00,24020,00,24039,49,24234,65,195,16,34,55,-136,50,-242,00,-599,50,HardStop,10,5
2026-04-07,11:18,ENTRY,LONG,Tendencia,61,5,100,0,53,0,40,0,76,8,25,0,57,6,24042,25,0,00,24029,75,24034,49,24231,52,197,03,39,75,0,00,-242,00,-599,50,,11,5
2026-04-07,11:22,EXIT,LONG,Tendencia,61,5,100,0,53,0,40,0,76,8,25,0,57,6,24042,25,24037,75,24029,75,24030,13,24228,38,198,25,37,63,-9,00,-251,00,-608,50,BreatheWhipsaw,11,6
2026-04-08,09:32,ENTRY,SHORT,Ruptura,61,4,34,5,58,5,70,0,41,5,75,0,77,9,25139,75,0,00,25164,37,25214,65,25196,26,18,39,23,87,0,00,0,00,-608,50,,1,0
2026-04-08,09:36,EXIT,SHORT,Ruptura,61,4,34,5,58,5,70,0,41,5,75,0,77,9,25139,75,25171,25,25164,37,25209,45,25196,16,13,29,24,67,-63,00,-63,00,-671,50,BreatheWhipsaw,1,1
2026-04-08,09:38,ENTRY,SHORT,Ruptura,62,3,20,5,57,2,70,0,74,2,50,0,79,3,25148,75,0,00,25178,32,25206,31,25196,05,10,27,25,57,0,00,-63,00,-671,50,,2,1
2026-04-08,11:00,EXIT,SHORT,Ruptura,62,3,20,5,57,2,70,0,74,2,50,0,79,3,25148,75,24998,25,24975,25,25033,63,25177,44,143,82,30,51,301,00,238,00,-370,50,TrailStop,2,1
2026-04-08,11:02,ENTRY,SHORT,Tendencia,87,8,100,0,100,0,100,0,100,0,25,0,52,9,25021,50,0,00,25020,75,25030,90,25176,67,145,77,30,49,0,00,238,00,-370,50,,3,1
2026-04-08,11:04,EXIT,SHORT,Tendencia,87,8,100,0,100,0,100,0,100,0,25,0,52,9,25021,50,25032,25,25020,75,25028,88,25176,00,147,12,30,45,-21,50,216,50,-392,00,BreatheWhipsaw,3,2
2026-04-08,14:20,ENTRY,SHORT,Ruptura,81,2,31,9,89,9,100,0,100,0,75,0,65,0,25051,50,0,00,25068,97,25102,46,25118,88,16,41,19,29,0,00,216,50,-392,00,,4,2
2026-04-08,14:22,EXIT,SHORT,Ruptura,81,2,31,9,89,9,100,0,100,0,75,0,65,0,25051,50,25067,50,25068,97,25101,41,25118,10,16,69,19,86,-32,00,184,50,-424,00,BreatheWhipsaw,4,3
2026-04-08,14:42,ENTRY,SHORT,Ruptura,85,6,46,4,95,0,100,0,100,0,100,0,61,0,25029,25,0,00,25043,34,25082,71,25109,98,27,26,19,46,0,00,184,50,-424,00,,5,3
2026-04-08,14:54,EXIT,SHORT,Ruptura,85,6,46,4,95,0,100,0,100,0,100,0,61,0,25029,25,24997,00,25010,75,25048,91,25103,16,54,25,19,16,64,50,249,00,-359,50,TrailStop,5,3
2026-04-08,14:56,ENTRY,SHORT,Tendencia,76,4,75,0,58,3,100,0,75,8,75,0,58,7,24984,00,0,00,25003,50,25041,91,25101,88,59,96,19,61,0,00,249,00,-359,50,,6,3
2026-04-08,15:12,EXIT,SHORT,Tendencia,76,4,75,0,58,3,100,0,75,8,75,0,58,7,24984,00,25007,25,25003,50,25003,85,25093,11,89,26,20,23,-46,50,202,50,-406,00,TrailStop,6,3
2026-04-08,15:18,ENTRY,SHORT,Tendencia,91,6,100,0,93,1,100,0,100,0,75,0,54,8,24986,75,0,00,25001,07,24995,08,25090,15,95,07,19,43,0,00,202,50,-406,00,,7,3
2026-04-08,15:26,EXIT,SHORT,Tendencia,91,6,100,0,93,1,100,0,100,0,75,0,54,8,24986,75,24978,00,24972,00,24984,19,25085,79,101,60,18,52,17,50,220,00,-388,50,TrailStop,7,3
2026-04-08,15:28,ENTRY,SHORT,Tendencia,86,9,100,0,94,5,100,0,77,9,50,0,52,1,24960,50,0,00,24975,30,24981,30,25084,55,103,24,18,73,0,00,220,00,-388,50,,8,3
2026-04-08,15:32,EXIT,SHORT,Tendencia,86,9,100,0,94,5,100,0,77,9,50,0,52,1,24960,50,24984,50,24975,30,24978,29,25082,18,103,89,19,21,-48,00,172,00,-436,50,BreatheWhipsaw,8,4
2026-04-09,09:32,ENTRY,LONG,Pullback,66,7,54,6,10,0,100,0,35,0,100,0,67,4,25086,25,0,00,25070,35,25043,65,25008,16,35,50,16,40,0,00,0,00,-436,50,,1,0
2026-04-09,09:34,EXIT,LONG,Pullback,66,7,54,6,10,0,100,0,35,0,100,0,67,4,25086,25,25049,50,25070,35,25044,69,25008,30,36,39,19,14,-73,50,-73,50,-510,00,BreatheWhipsaw,1,1
2026-04-09,09:36,ENTRY,SHORT,Ruptura,72,9,55,4,83,0,40,0,100,0,75,0,80,5,25028,25,0,00,25048,36,25044,71,25008,29,36,42,20,11,0,00,-73,50,-510,00,,2,1
2026-04-09,09:38,EXIT,SHORT,Ruptura,72,9,55,4,83,0,40,0,100,0,75,0,80,5,25028,25,25046,25,25048,36,25045,60,25008,39,37,21,21,92,-36,00,-109,50,-546,00,BreatheWhipsaw,2,2
2026-04-09,11:34,ENTRY,LONG,Ruptura,85,6,58,1,95,1,100,0,100,0,100,0,55,1,25132,00,0,00,25116,32,25060,65,25020,96,39,69,25,91,0,00,-109,50,-546,00,,3,2
2026-04-09,11:36,EXIT,LONG,Ruptura,85,6,58,1,95,1,100,0,100,0,100,0,55,1,25132,00,25123,75,25116,32,25064,55,25021,69,42,86,25,79,-16,50,-126,00,-562,50,BreatheWhipsaw,3,3
2026-04-09,11:48,ENTRY,LONG,Ruptura,85,0,85,4,100,0,100,0,100,0,50,0,57,1,25156,75,0,00,25136,69,25094,83,25026,49,68,33,26,75,0,00,-126,00,-562,50,,4,3
2026-04-09,12:00,EXIT,LONG,Ruptura,85,0,85,4,100,0,100,0,100,0,50,0,57,1,25156,75,25192,75,25179,75,25126,84,25031,74,95,09,24,32,72,00,-54,00,-490,50,TrailStop,4,3
2026-04-09,12:02,ENTRY,LONG,Tendencia,92,9,100,0,100,0,100,0,100,0,75,0,53,6,25218,25,0,00,25199,70,25133,60,25032,82,100,79,25,07,0,00,-54,00,-490,50,,5,3
2026-04-09,12:34,EXIT,LONG,Tendencia,92,9,100,0,100,0,100,0,100,0,75,0,53,6,25218,25,25201,50,25199,70,25218,35,25050,28,168,07,21,01,-33,50,-87,50,-524,00,TrailStop,5,3
2026-04-09,12:36,ENTRY,SHORT,Pullback,66,3,100,0,27,4,40,0,67,0,100,0,41,4,25197,00,0,00,25206,50,25218,55,25051,20,167,35,20,53,0,00,-87,50,-524,00,,6,3
2026-04-09,12:52,EXIT,SHORT,Pullback,66,3,100,0,27,4,40,0,67,0,100,0,41,4,25197,00,25200,25,25180,25,25203,30,25057,86,145,44,20,09,-6,50,-94,00,-530,50,TrailStop,6,3
2026-04-09,12:54,ENTRY,LONG,Tendencia,76,7,100,0,26,4,100,0,100,0,75,0,39,2,25203,50,0,00,25198,75,25202,56,25058,83,143,74,19,64,0,00,-94,00,-530,50,,7,3
2026-04-09,12:56,EXIT,LONG,Tendencia,76,7,100,0,26,4,100,0,100,0,75,0,39,2,25203,50,25197,50,25198,75,25201,70,25059,78,141,92,19,08,-12,00,-106,00,-542,50,BreatheWhipsaw,7,4
2026-04-09,13:08,ENTRY,LONG,Ruptura,81,9,100,0,98,5,100,0,100,0,50,0,36,3,25222,50,0,00,25207,83,25195,16,25065,33,129,83,18,23,0,00,-106,00,-542,50,,8,4
2026-04-09,13:16,EXIT,LONG,Ruptura,81,9,100,0,98,5,100,0,100,0,50,0,36,3,25222,50,25237,50,25228,00,25200,06,25069,65,130,41,18,07,30,00,-76,00,-512,50,TrailStop,8,4
2026-04-09,13:18,ENTRY,LONG,Tendencia,78,8,100,0,60,0,100,0,56,7,75,0,36,1,25244,75,0,00,25233,00,25202,26,25070,83,131,44,17,68,0,00,-76,00,-512,50,,9,4
2026-04-09,13:22,EXIT,LONG,Tendencia,78,8,100,0,60,0,100,0,56,7,75,0,36,1,25244,75,25238,00,25233,00,25208,49,25073,16,135,33,17,36,-13,50,-89,50,-526,00,BreatheWhipsaw,9,5
2026-04-09,15:10,ENTRY,LONG,Ruptura,81,9,73,7,100,0,100,0,100,0,50,0,47,7,25220,75,0,00,25207,23,25181,09,25122,70,58,39,17,03,0,00,-89,50,-526,00,,10,5
2026-04-09,15:20,EXIT,LONG,Ruptura,81,9,73,7,100,0,100,0,100,0,50,0,47,7,25220,75,25209,75,25207,23,25194,41,25127,48,66,94,15,30,-22,00,-111,50,-548,00,TrailStop,10,5
2026-04-09,15:22,ENTRY,LONG,Tendencia,61,8,84,3,10,0,100,0,71,6,25,0,40,2,25209,50,0,00,25206,75,25195,79,25128,34,67,44,14,87,0,00,-111,50,-548,00,,11,5
2026-04-09,15:24,EXIT,LONG,Tendencia,61,8,84,3,10,0,100,0,71,6,25,0,40,2,25209,50,25212,75,25206,75,25197,95,25129,20,68,75,14,75,6,50,-105,00,-541,50,BreatheWhipsaw,11,6
2026-04-09,15:32,ENTRY,LONG,Ruptura,82,6,94,1,100,0,100,0,100,0,50,0,40,7,25244,25,0,00,25233,13,25208,30,25133,03,75,27,14,82,0,00,-105,00,-541,50,,12,6
2026-04-09,15:42,EXIT,LONG,Ruptura,82,6,94,1,100,0,100,0,100,0,50,0,40,7,25244,25,25236,25,25233,13,25223,83,25138,36,85,47,14,01,-16,00,-121,00,-557,50,TrailStop,12,6
2026-04-09,15:44,ENTRY,LONG,Tendencia,72,8,100,0,33,6,100,0,72,0,50,0,38,4,25242,75,0,00,25233,50,25225,70,25139,41,86,29,14,01,0,00,-121,00,-557,50,,13,6
2026-04-09,15:50,EXIT,LONG,Tendencia,72,8,100,0,33,6,100,0,72,0,50,0,38,4,25242,75,25246,75,25233,50,25231,78,25142,59,89,19,14,01,8,00,-113,00,-549,50,OutOfSession,13,6
2026-04-10,09:32,ENTRY,LONG,Tendencia,83,2,68,5,93,0,100,0,90,9,75,0,59,4,25353,50,0,00,25341,22,25312,33,25260,17,52,16,16,05,0,00,0,00,-549,50,,1,0
2026-04-10,09:34,EXIT,LONG,Tendencia,83,2,68,5,93,0,100,0,90,9,75,0,59,4,25353,50,25361,00,25341,22,25314,40,25260,84,53,56,17,19,15,00,15,00,-534,50,BreatheWhipsaw,1,1
2026-04-10,09:36,ENTRY,SHORT,Ruptura,74,2,69,5,100,0,40,0,100,0,50,0,71,1,25314,50,0,00,25333,83,25314,60,25261,26,53,34,19,83,0,00,15,00,-534,50,,2,1
2026-04-10,09:38,EXIT,SHORT,Ruptura,74,2,69,5,100,0,40,0,100,0,50,0,71,1,25314,50,25347,00,25333,83,25316,61,25261,85,54,76,21,22,-65,00,-50,00,-599,50,BreatheWhipsaw,2,2
2026-04-10,11:16,ENTRY,LONG,Ruptura,85,1,73,3,100,0,100,0,100,0,100,0,38,8,25378,25,0,00,25364,57,25343,88,25285,88,58,00,19,91,0,00,-50,00,-599,50,,3,2
2026-04-10,11:22,EXIT,LONG,Ruptura,85,1,73,3,100,0,100,0,100,0,100,0,38,8,25378,25,25374,50,25364,57,25347,95,25288,09,59,86,18,73,-7,50,-57,50,-607,00,TrailStop,3,2
2026-04-10,11:24,ENTRY,LONG,Tendencia,79,3,77,8,82,3,100,0,72,4,75,0,36,6,25386,75,0,00,25369,50,25351,09,25288,87,62,22,18,81,0,00,-57,50,-607,00,,4,2
2026-04-10,11:28,EXIT,LONG,Tendencia,79,3,77,8,82,3,100,0,72,4,75,0,36,6,25386,75,25363,00,25369,50,25354,38,25290,30,64,08,18,78,-47,50,-105,00,-654,50,BreatheWhipsaw,4,3
2026-04-13,09:32,ENTRY,LONG,Pullback,72,0,72,6,15,0,100,0,98,0,75,0,53,7,25223,25,0,00,25212,50,25182,71,25125,56,57,15,12,58,0,00,0,00,-654,50,,1,0
2026-04-13,09:34,EXIT,LONG,Pullback,72,0,72,6,15,0,100,0,98,0,75,0,53,7,25223,25,25220,50,25212,50,25185,08,25126,14,58,94,13,84,-5,50,-5,50,-660,00,BreatheWhipsaw,1,1
2026-04-13,09:36,ENTRY,LONG,Tendencia,70,0,75,4,46,4,100,0,79,5,25,0,64,2,25206,75,0,00,25199,00,25186,96,25126,62,60,34,15,17,0,00,-5,50,-660,00,,2,1
2026-04-13,09:38,EXIT,LONG,Tendencia,70,0,75,4,46,4,100,0,79,5,25,0,64,2,25206,75,25193,00,25199,00,25188,05,25127,03,61,02,16,66,-27,50,-33,00,-687,50,BreatheWhipsaw,2,2
2026-04-13,09:50,ENTRY,LONG,Ruptura,93,4,84,4,100,0,100,0,100,0,50,0,100,0,25270,00,0,00,25252,48,25197,00,25129,50,67,50,26,03,0,00,-33,00,-687,50,,3,2
2026-04-13,09:52,EXIT,LONG,Ruptura,93,4,84,4,100,0,100,0,100,0,50,0,100,0,25270,00,25251,25,25252,48,25200,94,25130,18,70,76,27,81,-37,50,-70,50,-725,00,BreatheWhipsaw,3,3
2026-04-13,10:00,ENTRY,LONG,Ruptura,99,4,100,0,99,3,100,0,97,1,100,0,100,0,25310,50,0,00,25285,76,25219,58,25133,36,86,22,28,99,0,00,-70,50,-725,00,,4,3
2026-04-13,10:10,EXIT,LONG,Ruptura,99,4,100,0,99,3,100,0,97,1,100,0,100,0,25310,50,25305,25,25310,75,25246,74,25138,52,108,22,27,04,-10,50,-81,00,-735,50,TrailStop,4,3
2026-04-13,10:12,ENTRY,LONG,Tendencia,87,9,100,0,96,0,100,0,80,4,25,0,81,7,25296,50,0,00,25292,50,25250,46,25139,44,111,03,26,34,0,00,-81,00,-735,50,,5,3
2026-04-13,10:14,EXIT,LONG,Tendencia,87,9,100,0,96,0,100,0,80,4,25,0,81,7,25296,50,25279,00,25292,50,25253,46,25140,31,113,15,26,07,-35,00,-116,00,-770,50,BreatheWhipsaw,5,4
2026-04-13,10:46,ENTRY,LONG,Ruptura,90,8,100,0,100,0,100,0,100,0,100,0,54,0,25314,50,0,00,25300,10,25290,86,25154,89,135,97,22,53,0,00,-116,00,-770,50,,6,4
2026-04-13,10:50,EXIT,LONG,Ruptura,90,8,100,0,100,0,100,0,100,0,100,0,54,0,25314,50,25301,00,25300,10,25289,50,25156,74,132,76,21,25,-27,00,-143,00,-797,50,BreatheWhipsaw,6,5
2026-04-13,10:54,ENTRY,LONG,Ruptura,86,2,100,0,96,4,100,0,100,0,75,0,48,2,25325,50,0,00,25311,42,25292,61,25158,79,133,82,21,11,0,00,-143,00,-797,50,,7,5
2026-04-13,11:02,EXIT,LONG,Ruptura,86,2,100,0,96,4,100,0,100,0,75,0,48,2,25325,50,25327,25,25341,25,25306,13,25163,31,142,81,22,14,3,50,-139,50,-794,00,TrailStop,7,5
2026-04-13,11:04,ENTRY,LONG,Tendencia,86,9,100,0,100,0,100,0,96,8,25,0,47,1,25314,50,0,00,25313,25,25308,00,25164,31,143,69,21,75,0,00,-139,50,-794,00,,8,5
2026-04-13,11:06,EXIT,LONG,Tendencia,86,9,100,0,100,0,100,0,96,8,25,0,47,1,25314,50,25310,50,25313,25,25308,81,25165,27,143,54,21,18,-8,00,-147,50,-802,00,BreatheWhipsaw,8,6
2026-04-13,12:22,ENTRY,LONG,Ruptura,80,3,100,0,61,2,100,0,100,0,100,0,50,0,25345,00,0,00,25331,32,25313,51,25204,39,109,13,19,57,0,00,-147,50,-802,00,,9,6
2026-04-13,12:42,EXIT,LONG,Ruptura,80,3,100,0,61,2,100,0,100,0,100,0,50,0,25345,00,25363,25,25374,75,25345,81,25217,41,128,40,24,21,36,50,-111,00,-765,50,TrailStop,9,6
2026-04-13,12:44,ENTRY,LONG,Tendencia,74,8,100,0,45,9,100,0,41,0,50,0,64,8,25382,25,0,00,25356,11,25350,44,25218,72,131,72,25,39,0,00,-111,00,-765,50,,10,6
2026-04-13,12:54,EXIT,LONG,Tendencia,74,8,100,0,45,9,100,0,41,0,50,0,64,8,25382,25,25396,25,25402,00,25372,78,25225,73,147,04,25,45,28,00,-83,00,-737,50,TrailStop,10,6
2026-04-13,12:56,ENTRY,LONG,Tendencia,67,7,100,0,15,2,100,0,59,4,25,0,61,8,25393,25,0,00,25387,25,25376,94,25227,15,149,79,24,78,0,00,-83,00,-737,50,,11,6
2026-04-13,13:06,EXIT,LONG,Tendencia,67,7,100,0,15,2,100,0,59,4,25,0,61,8,25393,25,25412,75,25412,25,25394,11,25234,58,159,54,20,97,39,00,-44,00,-698,50,TrailStop,11,6
2026-04-13,13:08,ENTRY,LONG,Tendencia,73,9,100,0,45,2,100,0,73,6,25,0,50,5,25406,25,0,00,25402,75,25396,33,25236,04,160,29,20,51,0,00,-44,00,-698,50,,12,6
2026-04-13,13:10,EXIT,LONG,Tendencia,73,9,100,0,45,2,100,0,73,6,25,0,50,5,25406,25,25404,50,25402,75,25397,35,25237,47,159,88,19,87,-3,50,-47,50,-702,00,BreatheWhipsaw,12,7
2026-04-13,14:46,ENTRY,LONG,Ruptura,81,4,100,0,87,8,100,0,100,0,75,0,34,7,25437,50,0,00,25427,96,25413,20,25306,64,106,56,9,72,0,00,-47,50,-702,00,,13,7
2026-04-13,15:06,EXIT,LONG,Ruptura,81,4,100,0,87,8,100,0,100,0,75,0,34,7,25437,50,25443,00,25440,25,25428,70,25323,13,105,57,10,09,11,00,-36,50,-691,00,TrailStop,13,7
2026-04-13,15:08,ENTRY,LONG,Tendencia,78,3,100,0,79,2,100,0,55,6,25,0,44,1,25438,50,0,00,25435,75,25430,78,25324,71,106,07,9,91,0,00,-36,50,-691,00,,14,7
2026-04-13,15:12,EXIT,LONG,Tendencia,78,3,100,0,79,2,100,0,55,6,25,0,44,1,25438,50,25434,00,25435,75,25434,41,25327,84,106,57,9,87,-9,00,-45,50,-700,00,BreatheWhipsaw,14,8
2026-04-13,15:24,ENTRY,LONG,Ruptura,80,6,100,0,75,0,100,0,87,5,100,0,43,6,25458,25,0,00,25451,31,25443,75,25337,08,106,67,9,25,0,00,-45,50,-700,00,,15,8
2026-04-13,15:32,EXIT,LONG,Ruptura,80,6,100,0,75,0,100,0,87,5,100,0,43,6,25458,25,25470,75,25451,31,25448,99,25343,00,105,99,9,49,25,00,-20,50,-675,00,TrailStop,15,8
2026-04-13,15:34,ENTRY,LONG,Pullback,88,6,100,0,58,8,100,0,100,0,100,0,47,4,25475,25,0,00,25469,75,25450,59,25344,51,106,08,9,51,0,00,-20,50,-675,00,,16,8
2026-04-13,15:36,EXIT,LONG,Pullback,88,6,100,0,58,8,100,0,100,0,100,0,47,4,25475,25,25474,00,25469,75,25451,64,25346,03,105,60,9,67,-2,50,-23,00,-677,50,BreatheWhipsaw,16,9
2026-04-14,09:32,ENTRY,LONG,Ruptura,84,6,41,6,100,0,100,0,100,0,75,0,64,8,25709,50,0,00,25697,50,25671,54,25647,81,23,73,14,67,0,00,0,00,-677,50,,1,0
2026-04-14,09:40,EXIT,LONG,Ruptura,84,6,41,6,100,0,100,0,100,0,75,0,64,8,25709,50,25710,75,25723,37,25683,38,25650,78,32,59,18,63,2,50,2,50,-675,00,TrailStop,1,0
2026-04-14,09:42,ENTRY,LONG,Ruptura,85,9,54,1,100,0,100,0,99,6,50,0,77,5,25725,00,0,00,25713,60,25686,38,25651,50,34,88,18,87,0,00,2,50,-675,00,,2,0
2026-04-14,10:06,EXIT,LONG,Ruptura,85,9,54,1,100,0,100,0,99,6,50,0,77,5,25725,00,25730,50,25713,60,25726,39,25658,71,67,68,19,62,11,00,13,50,-664,00,TrailStop,2,0
2026-04-14,10:08,ENTRY,LONG,Tendencia,86,3,89,7,81,9,100,0,82,2,75,0,67,5,25744,50,0,00,25730,42,25731,05,25659,32,71,73,19,77,0,00,13,50,-664,00,,3,0
2026-04-14,10:20,EXIT,LONG,Tendencia,86,3,89,7,81,9,100,0,82,2,75,0,67,5,25744,50,25767,50,25773,00,25747,31,25663,41,83,90,18,98,46,00,59,50,-618,00,TrailStop,3,0
2026-04-14,10:22,ENTRY,LONG,Tendencia,91,4,100,0,100,0,100,0,100,0,50,0,63,5,25790,00,0,00,25774,60,25750,39,25664,21,86,18,19,53,0,00,59,50,-618,00,,4,0
2026-04-14,10:36,EXIT,LONG,Tendencia,91,4,100,0,100,0,100,0,100,0,50,0,63,5,25790,00,25814,50,25793,75,25767,66,25670,41,97,25,17,89,49,00,108,50,-569,00,TrailStop,4,0
2026-04-14,10:38,ENTRY,LONG,Tendencia,61,8,100,0,10,0,100,0,20,0,25,0,53,4,25812,25,0,00,25806,00,25771,94,25671,38,100,56,17,29,0,00,108,50,-569,00,,5,0
2026-04-14,10:40,EXIT,LONG,Tendencia,61,8,100,0,10,0,100,0,20,0,25,0,53,4,25812,25,25789,25,25806,00,25775,30,25672,23,103,07,18,13,-46,00,62,50,-615,00,BreatheWhipsaw,5,1
2026-04-14,10:42,ENTRY,LONG,Tendencia,70,0,100,0,35,4,100,0,24,6,50,0,54,7,25795,75,0,00,25780,00,25778,66,25673,12,105,54,18,00,0,00,62,50,-615,00,,6,1
2026-04-14,10:52,EXIT,LONG,Tendencia,70,0,100,0,35,4,100,0,24,6,50,0,54,7,25795,75,25798,75,25794,75,25792,05,25677,42,114,63,16,27,6,00,68,50,-609,00,TrailStop,6,1
2026-04-14,10:54,ENTRY,LONG,Tendencia,88,4,100,0,93,8,100,0,100,0,50,0,46,5,25811,25,0,00,25799,81,25794,29,25678,33,115,96,16,25,0,00,68,50,-609,00,,7,1
2026-04-14,11:02,EXIT,LONG,Tendencia,88,4,100,0,93,8,100,0,100,0,50,0,46,5,25811,25,25799,50,25799,81,25800,05,25681,85,118,20,14,82,-23,50,45,00,-632,50,TrailStop,7,1
2026-04-14,11:04,ENTRY,SHORT,Pullback,65,9,100,0,37,1,40,0,57,1,100,0,37,9,25796,25,0,00,25803,50,25800,54,25682,68,117,86,14,52,0,00,45,00,-632,50,,8,1
2026-04-14,11:20,EXIT,SHORT,Pullback,65,9,100,0,37,1,40,0,57,1,100,0,37,9,25796,25,25807,25,25803,50,25795,88,25688,50,107,38,15,01,-22,00,23,00,-654,50,TrailStop,8,1
2026-04-14,11:22,ENTRY,LONG,Pullback,87,5,100,0,75,3,100,0,80,5,100,0,41,0,25822,75,0,00,25810,94,25797,24,25689,36,107,87,15,42,0,00,23,00,-654,50,,9,1
2026-04-14,11:30,EXIT,LONG,Pullback,87,5,100,0,75,3,100,0,80,5,100,0,41,0,25822,75,25832,75,25836,75,25804,99,25692,97,112,02,14,64,20,00,43,00,-634,50,TrailStop,9,1
2026-04-14,11:32,ENTRY,LONG,Tendencia,89,0,100,0,100,0,100,0,100,0,50,0,40,4,25850,00,0,00,25838,38,25807,44,25693,90,113,54,14,82,0,00,43,00,-634,50,,10,1
2026-04-14,12:00,EXIT,LONG,Tendencia,89,0,100,0,100,0,100,0,100,0,50,0,40,4,25850,00,25875,75,25878,35,25859,43,25708,14,151,29,13,42,51,50,94,50,-583,00,TrailStop,10,1
2026-04-14,12:02,ENTRY,LONG,Tendencia,76,3,100,0,50,6,100,0,72,0,50,0,40,0,25881,75,0,00,25873,25,25862,34,25709,22,153,12,13,20,0,00,94,50,-583,00,,11,1
2026-04-14,12:14,EXIT,LONG,Tendencia,76,3,100,0,50,6,100,0,72,0,50,0,40,0,25881,75,25886,75,25887,00,25877,81,25716,28,161,53,11,79,10,00,104,50,-573,00,TrailStop,11,1
2026-04-14,12:16,ENTRY,LONG,Tendencia,77,0,100,0,48,3,100,0,87,5,50,0,36,1,25891,75,0,00,25885,25,25879,96,25717,53,162,43,11,66,0,00,104,50,-573,00,,12,1
2026-04-14,12:34,EXIT,LONG,Tendencia,77,0,100,0,48,3,100,0,87,5,50,0,36,1,25891,75,25916,25,25916,59,25900,03,25729,92,170,10,11,86,49,00,153,50,-524,00,TrailStop,12,1
2026-04-14,12:36,ENTRY,LONG,Tendencia,84,8,100,0,97,2,100,0,88,9,25,0,39,9,25908,75,0,00,25907,75,25900,93,25731,28,169,65,11,66,0,00,153,50,-524,00,,13,1
2026-04-14,12:38,EXIT,LONG,Tendencia,84,8,100,0,97,2,100,0,88,9,25,0,39,9,25908,75,25921,00,25907,75,25902,76,25732,70,170,06,11,84,24,50,178,00,-499,50,BreatheWhipsaw,13,2
2026-04-14,13:18,ENTRY,LONG,Ruptura,88,3,100,0,100,0,100,0,100,0,100,0,41,3,25938,00,0,00,25929,88,25922,31,25760,43,161,88,10,50,0,00,178,00,-499,50,,14,2
2026-04-14,13:26,EXIT,LONG,Ruptura,88,3,100,0,100,0,100,0,100,0,100,0,41,3,25938,00,25950,25,25953,00,25928,41,25766,94,161,47,10,60,24,50,202,50,-475,00,TrailStop,14,2
2026-04-14,13:28,ENTRY,LONG,Tendencia,66,5,100,0,15,7,100,0,65,1,25,0,43,4,25947,00,0,00,25944,25,25929,35,25768,54,160,81,10,59,0,00,202,50,-475,00,,15,2
2026-04-14,13:30,EXIT,LONG,Tendencia,66,5,100,0,15,7,100,0,65,1,25,0,43,4,25947,00,25943,25,25944,25,25929,75,25770,09,159,66,10,35,-7,50,195,00,-482,50,BreatheWhipsaw,15,3
2026-04-14,15:04,ENTRY,LONG,Ruptura,80,2,100,0,68,2,100,0,82,1,100,0,54,1,25935,25,0,00,25927,61,25916,81,25835,78,81,03,11,19,0,00,195,00,-482,50,,16,3
2026-04-14,15:36,EXIT,LONG,Ruptura,80,2,100,0,68,2,100,0,82,1,100,0,54,1,25935,25,25961,75,25979,95,25962,28,25859,45,102,82,11,74,53,00,248,00,-429,50,TrailStop,16,3
2026-04-14,15:38,ENTRY,LONG,Tendencia,90,6,100,0,100,0,100,0,100,0,50,0,56,4,25981,00,0,00,25968,99,25965,59,25861,00,104,59,12,35,0,00,248,00,-429,50,,17,3
2026-04-14,15:44,EXIT,LONG,Tendencia,90,6,100,0,100,0,100,0,100,0,50,0,56,4,25981,00,25971,00,25968,99,25973,05,25865,58,107,47,12,37,-20,00,228,00,-449,50,TrailStop,17,3
2026-04-14,15:46,ENTRY,LONG,Tendencia,80,5,100,0,54,3,100,0,92,9,50,0,53,7,25975,50,0,00,25969,50,25974,45,25867,10,107,35,12,11,0,00,228,00,-449,50,,18,3
2026-04-14,15:48,EXIT,LONG,Tendencia,80,5,100,0,54,3,100,0,92,9,50,0,53,7,25975,50,25968,50,25969,50,25975,34,25868,60,106,73,11,92,-14,00,214,00,-463,50,BreatheWhipsaw,18,4
2026-04-15,09:34,ENTRY,LONG,Ruptura,79,2,14,4,100,0,100,0,100,0,50,0,64,0,26030,00,0,00,26018,50,25999,75,25992,55,7,20,15,50,0,00,0,00,-463,50,,1,0
2026-04-15,09:36,EXIT,LONG,Ruptura,79,2,14,4,100,0,100,0,100,0,50,0,64,0,26030,00,26023,00,26018,50,26000,94,25992,70,8,24,16,59,-14,00,-14,00,-477,50,BreatheWhipsaw,1,1
2026-04-15,09:40,ENTRY,LONG,Ruptura,80,2,24,3,91,7,100,0,83,3,75,0,74,3,26050,00,0,00,26038,44,26005,41,25993,24,12,17,18,41,0,00,-14,00,-477,50,,2,1
2026-04-15,09:44,EXIT,LONG,Ruptura,80,2,24,3,91,7,100,0,83,3,75,0,74,3,26050,00,26017,25,26038,44,26010,31,25993,71,16,60,19,27,-65,50,-79,50,-543,00,BreatheWhipsaw,2,2
2026-04-15,10:04,ENTRY,LONG,Ruptura,86,3,60,4,100,0,100,0,92,6,50,0,82,0,26082,75,0,00,26067,15,26039,36,25996,85,42,51,23,47,0,00,-79,50,-543,00,,3,2
2026-04-15,10:08,EXIT,LONG,Ruptura,86,3,60,4,100,0,100,0,92,6,50,0,82,0,26082,75,26066,50,26067,15,26044,41,25997,70,46,72,22,78,-32,50,-112,00,-575,50,BreatheWhipsaw,3,3
2026-04-15,10:16,ENTRY,LONG,Ruptura,88,8,72,6,91,3,100,0,95,0,100,0,72,3,26097,75,0,00,26081,64,26056,59,25999,44,57,15,22,48,0,00,-112,00,-575,50,,4,3
2026-04-15,10:20,EXIT,LONG,Ruptura,88,8,72,6,91,3,100,0,95,0,100,0,72,3,26097,75,26075,25,26081,64,26060,89,26000,30,60,59,22,23,-45,00,-157,00,-620,50,BreatheWhipsaw,4,4
2026-04-15,10:26,ENTRY,LONG,Ruptura,90,1,89,5,90,3,100,0,100,0,100,0,67,9,26124,75,0,00,26108,33,26073,56,26001,96,71,61,22,56,0,00,-157,00,-620,50,,5,4
2026-04-15,10:36,EXIT,LONG,Ruptura,90,1,89,5,90,3,100,0,100,0,100,0,67,9,26124,75,26147,00,26138,25,26096,08,26005,36,90,72,20,98,44,50,-112,50,-576,00,TrailStop,5,4
2026-04-15,10:38,ENTRY,LONG,Tendencia,70,1,100,0,10,0,100,0,48,8,75,0,57,2,26147,50,0,00,26140,25,26100,26,26006,08,94,18,20,36,0,00,-112,50,-576,00,,6,4
2026-04-15,10:40,EXIT,LONG,Tendencia,70,1,100,0,10,0,100,0,48,8,75,0,57,2,26147,50,26113,00,26140,25,26102,39,26006,62,95,77,21,85,-69,00,-181,50,-645,00,BreatheWhipsaw,6,5
2026-04-15,10:50,ENTRY,LONG,Ruptura,84,9,100,0,100,0,100,0,92,9,50,0,54,7,26162,00,0,00,26146,31,26121,38,26010,06,111,32,20,92,0,00,-181,50,-645,00,,7,5
2026-04-15,11:00,EXIT,LONG,Ruptura,84,9,100,0,100,0,100,0,92,9,50,0,54,7,26162,00,26164,25,26162,75,26141,09,26013,94,127,15,18,80,4,50,-177,00,-640,50,TrailStop,7,5
2026-04-15,11:02,ENTRY,LONG,Tendencia,75,1,100,0,57,8,100,0,40,3,50,0,44,9,26171,75,0,00,26154,50,26144,71,26014,75,129,96,18,73,0,00,-177,00,-640,50,,8,5
2026-04-15,11:08,EXIT,LONG,Tendencia,75,1,100,0,57,8,100,0,40,3,50,0,44,9,26171,75,26138,75,26154,50,26151,26,26016,94,134,33,18,36,-66,00,-243,00,-706,50,BreatheWhipsaw,8,6
2026-04-15,11:16,ENTRY,LONG,Ruptura,83,1,100,0,81,9,100,0,96,6,100,0,40,6,26186,25,0,00,26176,00,26157,18,26019,87,137,31,18,08,0,00,-243,00,-706,50,,9,6
2026-04-15,11:24,EXIT,LONG,Ruptura,83,1,100,0,81,9,100,0,96,6,100,0,40,6,26186,25,26186,00,26181,00,26167,54,26023,10,144,44,16,67,-0,50,-243,50,-707,00,TrailStop,9,6
2026-04-15,11:26,ENTRY,LONG,Tendencia,75,4,100,0,48,5,100,0,70,9,50,0,35,8,26191,50,0,00,26182,50,26169,76,26023,96,145,80,16,39,0,00,-243,50,-707,00,,10,6
2026-04-15,11:32,EXIT,LONG,Tendencia,75,4,100,0,48,5,100,0,70,9,50,0,35,8,26191,50,26181,50,26182,50,26175,14,26026,43,148,71,16,08,-20,00,-263,50,-727,00,BreatheWhipsaw,10,7
2026-04-16,09:32,ENTRY,SHORT,Ruptura,84,0,35,3,97,1,100,0,92,0,50,0,86,7,26373,75,0,00,26386,98,26413,85,26432,86,19,01,17,64,0,00,0,00,-727,00,,1,0
2026-04-16,09:34,EXIT,SHORT,Ruptura,84,0,35,3,97,1,100,0,92,0,50,0,86,7,26373,75,26378,25,26386,98,26412,43,26432,33,19,90,18,81,-9,00,-9,00,-736,00,BreatheWhipsaw,1,1
2026-04-16,09:38,ENTRY,SHORT,Ruptura,66,6,37,9,25,5,100,0,100,0,25,0,95,0,26386,25,0,00,26391,00,26410,49,26431,38,20,89,20,47,0,00,-9,00,-736,00,,2,1
2026-04-16,09:40,EXIT,SHORT,Ruptura,66,6,37,9,25,5,100,0,100,0,25,0,95,0,26386,25,26368,75,26391,00,26408,58,26430,79,22,22,22,54,35,00,26,00,-701,00,BreatheWhipsaw,2,2
2026-04-16,09:52,ENTRY,SHORT,Ruptura,95,4,54,0,100,0,100,0,100,0,100,0,100,0,26330,25,0,00,26353,57,26393,15,26427,94,34,79,27,43,0,00,26,00,-701,00,,3,2
2026-04-16,10:08,EXIT,SHORT,Ruptura,95,4,54,0,100,0,100,0,100,0,100,0,100,0,26330,25,26355,00,26353,57,26354,31,26421,84,67,53,28,88,-49,50,-23,50,-750,50,TrailStop,3,2
2026-04-16,10:10,ENTRY,SHORT,Tendencia,71,2,89,5,28,5,100,0,44,8,50,0,86,4,26347,00,0,00,26365,00,26349,59,26421,19,71,60,28,58,0,00,-23,50,-750,50,,4,2
2026-04-16,10:14,EXIT,SHORT,Tendencia,71,2,89,5,28,5,100,0,44,8,50,0,86,4,26347,00,26364,75,26365,00,26348,14,26420,02,71,88,29,18,-35,50,-59,00,-786,00,BreatheWhipsaw,4,3
2026-04-16,11:38,ENTRY,LONG,Ruptura,80,8,70,8,77,8,100,0,100,0,100,0,46,5,26519,00,0,00,26508,12,26469,44,26414,52,54,91,24,84,0,00,-59,00,-786,00,,5,3
2026-04-16,11:40,EXIT,LONG,Ruptura,80,8,70,8,77,8,100,0,100,0,100,0,46,5,26519,00,26506,50,26508,12,26474,60,26414,86,59,74,24,69,-25,00,-84,00,-811,00,BreatheWhipsaw,5,4
2026-04-16,13:26,ENTRY,LONG,Ruptura,83,4,59,7,100,0,100,0,100,0,75,0,49,5,26484,25,0,00,26468,37,26471,98,26430,38,41,60,20,51,0,00,-84,00,-811,00,,6,4
2026-04-16,13:36,EXIT,LONG,Ruptura,83,4,59,7,100,0,100,0,100,0,75,0,49,5,26484,25,26466,50,26484,00,26466,66,26432,67,33,99,19,34,-35,50,-119,50,-846,50,TrailStop,6,4
2026-04-16,13:40,ENTRY,LONG,Tendencia,68,5,52,2,61,6,100,0,85,3,50,0,45,7,26478,75,0,00,26463,25,26466,01,26433,34,32,67,18,80,0,00,-119,50,-846,50,,7,4
2026-04-16,13:52,EXIT,LONG,Tendencia,68,5,52,2,61,6,100,0,85,3,50,0,45,7,26478,75,26493,25,26499,00,26475,84,26435,85,39,99,17,19,29,00,-90,50,-817,50,TrailStop,7,4
2026-04-16,13:56,ENTRY,SHORT,Pullback,76,5,59,9,100,0,40,0,100,0,100,0,44,8,26460,00,0,00,26478,75,26478,40,26436,52,41,88,18,25,0,00,-90,50,-817,50,,8,4
2026-04-16,14:02,EXIT,SHORT,Pullback,76,5,59,9,100,0,40,0,100,0,100,0,44,8,26460,00,26462,00,26478,75,26480,73,26437,29,43,43,20,23,-4,00,-94,50,-821,50,BreatheWhipsaw,8,5
2026-04-17,09:34,ENTRY,SHORT,Ruptura,80,4,100,0,88,6,40,0,93,0,75,0,94,2,26638,00,0,00,26663,41,26735,39,26548,83,186,56,31,88,0,00,0,00,-821,50,,1,0
2026-04-17,09:36,EXIT,SHORT,Ruptura,80,4,100,0,88,6,40,0,93,0,75,0,94,2,26638,00,26685,50,26663,41,26733,96,26549,95,184,01,33,37,-95,00,-95,00,-916,50,BreatheWhipsaw,1,1
2026-04-17,09:38,ENTRY,SHORT,Ruptura,73,7,100,0,76,6,40,0,100,0,25,0,95,3,26713,50,0,00,26717,75,26733,80,26551,22,182,58,34,31,0,00,-95,00,-916,50,,2,1
2026-04-17,09:46,EXIT,SHORT,Ruptura,73,7,100,0,76,6,40,0,100,0,25,0,95,3,26713,50,26711,75,26717,75,26729,95,26555,84,174,11,33,05,3,50,-91,50,-913,00,TrailStop,2,1
2026-04-17,09:48,ENTRY,SHORT,Ruptura,76,4,100,0,86,9,40,0,95,3,50,0,87,0,26660,25,0,00,26695,35,26725,30,26556,73,168,57,35,85,0,00,-91,50,-913,00,,3,1
2026-04-17,09:50,EXIT,SHORT,Ruptura,76,4,100,0,86,9,40,0,95,3,50,0,87,0,26660,25,26703,00,26695,35,26721,29,26557,83,163,46,38,29,-85,50,-177,00,-998,50,BreatheWhipsaw,3,2
2026-04-17,09:52,ENTRY,LONG,Ruptura,89,7,100,0,86,1,100,0,85,2,75,0,89,5,26724,50,0,00,26703,71,26718,13,26559,08,159,05,39,06,0,00,-177,00,-998,50,,4,2
2026-04-17,09:56,EXIT,LONG,Ruptura,89,7,100,0,86,1,100,0,85,2,75,0,89,5,26724,50,26704,50,26703,71,26710,26,26561,36,148,91,38,87,-40,00,-217,00,-1038,50,BreatheWhipsaw,4,3
2026-04-17,10:02,ENTRY,LONG,Ruptura,88,5,100,0,84,1,100,0,81,8,100,0,76,0,26746,75,0,00,26725,75,26704,71,26565,25,139,47,37,84,0,00,-217,00,-1038,50,,5,3
2026-04-17,10:14,EXIT,LONG,Ruptura,88,5,100,0,84,1,100,0,81,8,100,0,76,0,26746,75,26758,50,26756,75,26721,98,26573,78,148,19,32,53,23,50,-193,50,-1015,00,TrailStop,5,3
2026-04-17,10:16,ENTRY,LONG,Tendencia,78,1,100,0,43,8,100,0,87,8,50,0,55,7,26766,75,0,00,26758,00,26725,99,26575,21,150,77,31,14,0,00,-193,50,-1015,00,,6,3
2026-04-17,10:18,EXIT,LONG,Tendencia,78,1,100,0,43,8,100,0,87,8,50,0,55,7,26766,75,26748,50,26758,00,26727,85,26576,58,151,27,30,82,-36,50,-230,00,-1051,50,BreatheWhipsaw,6,4
2026-04-17,10:40,ENTRY,LONG,Ruptura,86,2,100,0,100,0,100,0,100,0,75,0,43,5,26806,25,0,00,26786,75,26759,01,26592,08,166,93,27,76,0,00,-230,00,-1051,50,,7,4
2026-04-17,10:52,EXIT,LONG,Ruptura,86,2,100,0,100,0,100,0,100,0,75,0,43,5,26806,25,26842,75,26829,50,26783,49,26602,45,181,04,25,29,73,00,-157,00,-978,50,TrailStop,7,4
2026-04-17,10:54,ENTRY,LONG,Tendencia,66,3,100,0,10,0,100,0,56,3,50,0,36,2,26843,25,0,00,26837,50,26787,64,26604,26,183,38,24,52,0,00,-157,00,-978,50,,8,4
2026-04-17,10:56,EXIT,LONG,Tendencia,66,3,100,0,10,0,100,0,56,3,50,0,36,2,26843,25,26804,50,26837,50,26789,59,26605,87,183,72,25,75,-77,50,-234,50,-1056,00,BreatheWhipsaw,8,5
2026-04-17,12:32,ENTRY,LONG,Ruptura,87,1,100,0,100,0,100,0,100,0,100,0,35,4,26874,75,0,00,26860,37,26840,54,26685,08,155,46,18,51,0,00,-234,50,-1056,00,,9,5
2026-04-17,12:42,EXIT,LONG,Ruptura,87,1,100,0,100,0,100,0,100,0,100,0,35,4,26874,75,26862,75,26868,50,26852,41,26693,41,159,00,16,64,-24,00,-258,50,-1080,00,TrailStop,9,5
2026-04-17,12:44,ENTRY,LONG,Tendencia,74,3,100,0,46,3,100,0,69,8,50,0,30,6,26866,75,0,00,26860,75,26854,06,26695,05,159,01,16,02,0,00,-258,50,-1080,00,,10,5
2026-04-17,12:56,EXIT,LONG,Tendencia,74,3,100,0,46,3,100,0,69,8,50,0,30,6,26866,75,26859,75,26860,75,26861,69,26704,98,156,71,14,48,-14,00,-272,50,-1094,00,TrailStop,10,5
2026-04-20,09:34,ENTRY,LONG,Tendencia,80,6,82,7,73,4,100,0,64,5,50,0,88,2,26787,50,0,00,26771,85,26768,63,26702,45,66,18,20,87,0,00,0,00,-1094,00,,1,0
2026-04-20,09:40,EXIT,LONG,Tendencia,80,6,82,7,73,4,100,0,64,5,50,0,88,2,26787,50,26742,50,26771,85,26773,43,26704,00,69,42,25,55,-90,00,-90,00,-1184,00,TrailStop,1,0
2026-04-20,09:48,ENTRY,SHORT,Ruptura,62,6,84,1,32,5,40,0,100,0,50,0,90,1,26749,25,0,00,26757,25,26772,41,26705,11,67,31,25,04,0,00,-90,00,-1184,00,,2,0
2026-04-20,09:50,EXIT,SHORT,Ruptura,62,6,84,1,32,5,40,0,100,0,50,0,90,1,26749,25,26727,50,26757,25,26770,50,26705,27,65,23,27,11,43,50,-46,50,-1140,50,BreatheWhipsaw,2,1
2026-04-20,09:52,ENTRY,SHORT,Ruptura,70,1,79,4,80,1,40,0,87,5,25,0,92,7,26747,00,0,00,26752,00,26769,06,26705,52,63,54,27,01,0,00,-46,50,-1140,50,,3,1
2026-04-20,09:54,EXIT,SHORT,Ruptura,70,1,79,4,80,1,40,0,87,5,25,0,92,7,26747,00,26760,00,26752,00,26768,11,26705,82,62,29,27,37,-26,00,-72,50,-1166,50,BreatheWhipsaw,3,2
2026-04-20,11:06,ENTRY,SHORT,Ruptura,86,4,49,5,100,0,100,0,100,0,100,0,57,2,26592,00,0,00,26615,29,26685,85,26715,50,29,65,31,05,0,00,-72,50,-1166,50,,4,2
2026-04-20,11:12,EXIT,SHORT,Ruptura,86,4,49,5,100,0,100,0,100,0,100,0,57,2,26592,00,26629,50,26615,29,26665,75,26714,52,48,76,31,44,-75,00,-147,50,-1241,50,TrailStop,4,2
2026-04-20,11:14,ENTRY,SHORT,Tendencia,78,5,70,0,76,6,100,0,100,0,50,0,56,6,26605,75,0,00,26632,50,26660,15,26714,20,54,05,31,96,0,00,-147,50,-1241,50,,5,2
2026-04-20,11:20,EXIT,SHORT,Tendencia,78,5,70,0,76,6,100,0,100,0,50,0,56,6,26605,75,26634,25,26632,50,26644,79,26713,51,68,72,30,08,-57,00,-204,50,-1298,50,BreatheWhipsaw,5,3
2026-04-20,14:52,ENTRY,LONG,Ruptura,81,5,35,6,95,4,100,0,100,0,100,0,45,5,26741,50,0,00,26734,75,26728,36,26709,18,19,18,12,88,0,00,-204,50,-1298,50,,6,3
2026-04-20,15:00,EXIT,LONG,Ruptura,81,5,35,6,95,4,100,0,100,0,100,0,45,5,26741,50,26732,50,26734,75,26731,21,26709,65,21,57,11,94,-18,00,-222,50,-1316,50,TrailStop,6,3
2026-04-20,15:06,ENTRY,LONG,Pullback,60,7,38,6,40,0,100,0,83,3,50,0,39,3,26733,50,0,00,26728,00,26731,36,26709,89,21,47,11,33,0,00,-222,50,-1316,50,,7,3
2026-04-20,15:18,EXIT,LONG,Pullback,60,7,38,6,40,0,100,0,83,3,50,0,39,3,26733,50,26734,50,26732,50,26732,98,26710,32,22,66,10,05,2,00,-220,50,-1314,50,TrailStop,7,3
2026-04-20,15:24,ENTRY,SHORT,Pullback,60,0,42,7,72,4,40,0,84,1,75,0,34,0,26729,75,0,00,26739,00,26734,98,26710,44,24,54,9,82,0,00,-220,50,-1314,50,,8,3
2026-04-20,15:48,EXIT,SHORT,Pullback,60,0,42,7,72,4,40,0,84,1,75,0,34,0,26729,75,26723,75,26723,50,26729,43,26708,79,20,63,9,77,12,00,-208,50,-1302,50,TrailStop,8,3
2026-04-16,09:34,ENTRY,SHORT,Ruptura,84,0,35,3,97,1,100,0,92,0,50,0,86,7,26373,25,0,00,26386,98,26413,85,26432,86,19,01,17,64,0,00,0,00,0,00,,1,0
2026-04-16,09:36,EXIT,SHORT,Ruptura,84,0,35,3,97,1,100,0,92,0,50,0,86,7,26373,25,26377,00,26386,98,26412,43,26432,33,19,90,18,81,-7,50,-7,50,-7,50,BreatheWhipsaw,1,1
2026-04-16,09:40,ENTRY,SHORT,Ruptura,66,6,37,9,25,5,100,0,100,0,25,0,95,0,26389,00,0,00,26391,00,26410,49,26431,38,20,89,20,47,0,00,-7,50,-7,50,,2,1
2026-04-16,09:42,EXIT,SHORT,Ruptura,66,6,37,9,25,5,100,0,100,0,25,0,95,0,26389,00,26363,50,26391,00,26408,58,26430,79,22,22,22,54,51,00,43,50,43,50,BreatheWhipsaw,2,2
2026-04-16,09:54,ENTRY,SHORT,Ruptura,95,4,54,0,100,0,100,0,100,0,100,0,100,0,26333,25,0,00,26353,57,26393,15,26427,94,34,79,27,43,0,00,43,50,43,50,,3,2
2026-04-16,10:10,EXIT,SHORT,Ruptura,95,4,54,0,100,0,100,0,100,0,100,0,100,0,26333,25,26354,50,26353,57,26354,31,26421,84,67,53,28,88,-42,50,1,00,1,00,TrailStop,3,2
2026-04-16,10:12,ENTRY,SHORT,Tendencia,71,2,89,5,28,5,100,0,44,8,50,0,86,4,26346,50,0,00,26365,00,26349,59,26421,19,71,60,28,58,0,00,1,00,1,00,,4,2
2026-04-16,10:16,EXIT,SHORT,Tendencia,71,2,89,5,28,5,100,0,44,8,50,0,86,4,26346,50,26367,25,26365,00,26348,14,26420,02,71,88,29,18,-41,50,-40,50,-40,50,BreatheWhipsaw,4,3
2026-04-16,11:40,ENTRY,LONG,Ruptura,80,8,70,8,77,8,100,0,100,0,100,0,46,5,26526,25,0,00,26508,12,26469,44,26414,52,54,91,24,84,0,00,-40,50,-40,50,,5,3
2026-04-16,11:42,EXIT,LONG,Ruptura,80,8,70,8,77,8,100,0,100,0,100,0,46,5,26526,25,26507,50,26508,12,26474,60,26414,86,59,74,24,69,-37,50,-78,00,-78,00,BreatheWhipsaw,5,4
2026-04-16,13:28,ENTRY,LONG,Ruptura,83,4,59,7,100,0,100,0,100,0,75,0,49,5,26484,00,0,00,26468,37,26471,98,26430,38,41,60,20,51,0,00,-78,00,-78,00,,6,4
2026-04-16,13:38,EXIT,LONG,Ruptura,83,4,59,7,100,0,100,0,100,0,75,0,49,5,26484,00,26466,75,26484,00,26466,66,26432,67,33,99,19,34,-34,50,-112,50,-112,50,TrailStop,6,4
2026-04-16,13:42,ENTRY,LONG,Tendencia,68,5,52,2,61,6,100,0,85,3,50,0,45,7,26479,00,0,00,26463,25,26466,01,26433,34,32,67,18,80,0,00,-112,50,-112,50,,7,4
2026-04-16,13:54,EXIT,LONG,Tendencia,68,5,52,2,61,6,100,0,85,3,50,0,45,7,26479,00,26493,50,26499,00,26475,84,26435,85,39,99,17,19,29,00,-83,50,-83,50,TrailStop,7,4
2026-04-16,13:58,ENTRY,SHORT,Pullback,76,5,59,9,100,0,40,0,100,0,100,0,44,8,26460,25,0,00,26478,75,26478,40,26436,52,41,88,18,25,0,00,-83,50,-83,50,,8,4
2026-04-16,14:04,EXIT,SHORT,Pullback,76,5,59,9,100,0,40,0,100,0,100,0,44,8,26460,25,26462,75,26478,75,26480,73,26437,29,43,43,20,23,-5,00,-88,50,-88,50,BreatheWhipsaw,8,5
2026-04-17,09:36,ENTRY,SHORT,Ruptura,80,4,100,0,88,6,40,0,93,0,75,0,94,2,26639,25,0,00,26663,41,26735,39,26548,83,186,56,31,88,0,00,0,00,-88,50,,1,0
2026-04-17,09:38,EXIT,SHORT,Ruptura,80,4,100,0,88,6,40,0,93,0,75,0,94,2,26639,25,26685,50,26663,41,26733,96,26549,95,184,01,33,37,-92,50,-92,50,-181,00,BreatheWhipsaw,1,1
2026-04-17,09:48,ENTRY,LONG,Pullback,60,6,100,0,35,6,20,0,61,6,75,0,82,4,26710,00,0,00,26688,25,26729,95,26555,84,174,11,33,05,0,00,-92,50,-181,00,,4,1
2026-04-17,09:50,EXIT,LONG,Pullback,60,6,100,0,35,6,20,0,61,6,75,0,82,4,26710,00,26659,50,26688,25,26725,30,26556,73,168,57,35,85,-101,00,-193,50,-282,00,BreatheWhipsaw,4,2
2026-04-17,09:54,ENTRY,LONG,Ruptura,89,7,100,0,86,1,100,0,85,2,75,0,89,5,26733,00,0,00,26703,71,26718,13,26559,08,159,05,39,06,0,00,-193,50,-282,00,,5,2
2026-04-17,09:58,EXIT,LONG,Ruptura,89,7,100,0,86,1,100,0,85,2,75,0,89,5,26733,00,26702,00,26703,71,26710,26,26561,36,148,91,38,87,-62,00,-255,50,-344,00,BreatheWhipsaw,5,3
2026-04-20,09:36,ENTRY,LONG,Tendencia,80,6,82,7,73,4,100,0,64,5,50,0,88,2,26787,25,0,00,26771,85,26768,63,26702,45,66,18,20,87,0,00,0,00,-344,00,,1,0
2026-04-20,09:42,EXIT,LONG,Tendencia,80,6,82,7,73,4,100,0,64,5,50,0,88,2,26787,25,26747,25,26771,85,26773,43,26704,00,69,42,25,55,-80,00,-80,00,-424,00,TrailStop,1,0
2026-04-20,09:50,ENTRY,SHORT,Ruptura,62,6,84,1,32,5,40,0,100,0,50,0,90,1,26749,25,0,00,26757,25,26772,41,26705,11,67,31,25,04,0,00,-80,00,-424,00,,2,0
2026-04-20,09:52,EXIT,SHORT,Ruptura,62,6,84,1,32,5,40,0,100,0,50,0,90,1,26749,25,26731,25,26757,25,26770,50,26705,27,65,23,27,11,36,00,-44,00,-388,00,BreatheWhipsaw,2,1
2026-04-20,09:54,ENTRY,SHORT,Ruptura,70,1,79,4,80,1,40,0,87,5,25,0,92,7,26747,25,0,00,26752,00,26769,06,26705,52,63,54,27,01,0,00,-44,00,-388,00,,3,1
2026-04-20,09:56,EXIT,SHORT,Ruptura,70,1,79,4,80,1,40,0,87,5,25,0,92,7,26747,25,26758,00,26752,00,26768,11,26705,82,62,29,27,37,-21,50,-65,50,-409,50,BreatheWhipsaw,3,2
2026-04-20,11:08,ENTRY,SHORT,Ruptura,86,4,49,5,100,0,100,0,100,0,100,0,57,2,26592,00,0,00,26615,29,26685,85,26715,50,29,65,31,05,0,00,-65,50,-409,50,,4,2
2026-04-20,11:14,EXIT,SHORT,Ruptura,86,4,49,5,100,0,100,0,100,0,100,0,57,2,26592,00,26631,00,26615,29,26665,75,26714,52,48,76,31,44,-78,00,-143,50,-487,50,TrailStop,4,2
2026-04-20,11:16,ENTRY,SHORT,Tendencia,78,5,70,0,76,6,100,0,100,0,50,0,56,6,26606,00,0,00,26632,50,26660,15,26714,20,54,05,31,96,0,00,-143,50,-487,50,,5,2
2026-04-20,11:22,EXIT,SHORT,Tendencia,78,5,70,0,76,6,100,0,100,0,50,0,56,6,26606,00,26638,00,26632,50,26644,79,26713,51,68,72,30,08,-64,00,-207,50,-551,50,BreatheWhipsaw,5,3
2026-04-20,14:54,ENTRY,LONG,Ruptura,81,5,35,6,95,4,100,0,100,0,100,0,45,5,26742,25,0,00,26734,75,26728,36,26709,18,19,18,12,88,0,00,-207,50,-551,50,,6,3
2026-04-20,15:02,EXIT,LONG,Ruptura,81,5,35,6,95,4,100,0,100,0,100,0,45,5,26742,25,26732,25,26734,75,26731,21,26709,65,21,57,11,94,-20,00,-227,50,-571,50,TrailStop,6,3
2026-04-20,15:08,ENTRY,LONG,Pullback,60,7,38,6,40,0,100,0,83,3,50,0,39,3,26733,25,0,00,26728,00,26731,36,26709,89,21,47,11,33,0,00,-227,50,-571,50,,7,3
2026-04-20,15:20,EXIT,LONG,Pullback,60,7,38,6,40,0,100,0,83,3,50,0,39,3,26733,25,26734,50,26732,50,26732,98,26710,32,22,66,10,05,2,50,-225,00,-569,00,TrailStop,7,3
2026-04-20,15:26,ENTRY,SHORT,Pullback,60,0,42,7,72,4,40,0,84,1,75,0,34,0,26730,25,0,00,26739,00,26734,98,26710,44,24,54,9,82,0,00,-225,00,-569,00,,8,3
2026-04-20,15:50,EXIT,SHORT,Pullback,60,0,42,7,72,4,40,0,84,1,75,0,34,0,26730,25,26724,50,26723,50,26729,43,26708,79,20,63,9,77,11,50,-213,50,-557,50,TrailStop,8,3
2026-04-21,09:32,ENTRY,SHORT,Ruptura,76,7,46,0,81,9,100,0,62,3,75,0,74,1,26747,75,0,00,26765,73,26811,84,26838,87,27,03,17,98,0,00,0,00,-557,50,,1,0
2026-04-21,09:34,EXIT,SHORT,Ruptura,76,7,46,0,81,9,100,0,62,3,75,0,74,1,26747,75,26746,75,26765,73,26807,95,26838,37,30,42,18,78,2,00,2,00,-555,50,BreatheWhipsaw,1,1
2026-04-21,09:36,ENTRY,SHORT,Pullback,68,3,53,2,10,0,100,0,38,1,100,0,81,3,26751,00,0,00,26768,00,26803,98,26837,86,33,89,20,42,0,00,2,00,-555,50,,2,1
2026-04-21,09:44,EXIT,SHORT,Pullback,68,3,53,2,10,0,100,0,38,1,100,0,81,3,26751,00,26769,25,26768,00,26790,53,26836,10,45,57,22,40,-36,50,-34,50,-592,00,TrailStop,2,1
2026-04-21,09:46,ENTRY,SHORT,Tendencia,70,4,65,1,42,8,100,0,71,5,50,0,84,4,26754,25,0,00,26777,87,26787,65,26835,74,48,09,23,37,0,00,-34,50,-592,00,,3,1
2026-04-21,09:48,EXIT,SHORT,Tendencia,70,4,65,1,42,8,100,0,71,5,50,0,84,4,26754,25,26778,25,26777,87,26785,81,26835,49,49,68,24,36,-48,00,-82,50,-640,00,BreatheWhipsaw,3,2
2026-04-21,11:00,ENTRY,SHORT,Ruptura,85,3,36,9,100,0,100,0,100,0,100,0,58,2,26738,25,0,00,26757,08,26816,81,26836,99,20,18,26,44,0,00,-82,50,-640,00,,4,2
2026-04-21,11:08,EXIT,SHORT,Ruptura,85,3,36,9,100,0,100,0,100,0,100,0,58,2,26738,25,26718,75,26708,56,26788,51,26834,48,45,97,32,11,39,00,-43,50,-601,00,TrailStop,4,2
2026-04-21,11:10,ENTRY,SHORT,Ruptura,82,0,66,9,98,5,100,0,100,0,25,0,66,1,26746,25,0,00,26748,75,26783,75,26834,08,50,33,32,52,0,00,-43,50,-601,00,,5,2
2026-04-21,11:12,EXIT,SHORT,Ruptura,82,0,66,9,98,5,100,0,100,0,25,0,66,1,26746,25,26757,50,26748,75,26779,64,26833,76,54,12,31,94,-22,50,-66,00,-623,50,BreatheWhipsaw,5,3
2026-04-21,13:06,ENTRY,SHORT,Ruptura,80,2,100,0,76,4,100,0,100,0,75,0,43,1,26664,75,0,00,26681,30,26701,25,26803,09,101,84,22,07,0,00,-66,00,-623,50,,6,3
2026-04-21,13:10,EXIT,SHORT,Ruptura,80,2,100,0,76,4,100,0,100,0,75,0,43,1,26664,75,26671,75,26681,30,26696,70,26801,28,104,58,24,15,-14,00,-80,00,-637,50,BreatheWhipsaw,6,4
2026-04-21,13:20,ENTRY,SHORT,Ruptura,88,2,100,0,100,0,100,0,100,0,75,0,53,3,26608,75,0,00,26629,02,26674,50,26795,79,121,29,25,69,0,00,-80,00,-637,50,,7,4
2026-04-21,13:24,EXIT,SHORT,Ruptura,88,2,100,0,100,0,100,0,100,0,75,0,53,3,26608,75,26621,25,26629,02,26667,94,26793,46,125,52,25,63,-25,00,-105,00,-662,50,BreatheWhipsaw,7,5
2026-04-22,09:34,ENTRY,SHORT,Ruptura,75,2,14,5,82,7,70,0,100,0,75,0,83,0,26828,25,0,00,26853,15,26844,35,26837,12,7,23,22,15,0,00,0,00,-662,50,,1,0
2026-04-22,09:42,EXIT,SHORT,Ruptura,75,2,14,5,82,7,70,0,100,0,75,0,83,0,26828,25,26838,75,26853,15,26845,40,26837,14,8,26,23,50,-21,00,-21,00,-683,50,TrailStop,1,0
2026-04-22,09:44,ENTRY,LONG,Pullback,61,1,18,4,12,8,100,0,63,3,75,0,81,7,26845,25,0,00,26829,25,26846,40,26837,18,9,22,24,11,0,00,-21,00,-683,50,,2,0
2026-04-22,09:50,EXIT,LONG,Pullback,61,1,18,4,12,8,100,0,63,3,75,0,81,7,26845,25,26837,00,26829,25,26850,06,26837,43,12,63,25,34,-16,50,-37,50,-700,00,BreatheWhipsaw,2,1
2026-04-22,09:52,ENTRY,SHORT,Pullback,61,2,25,5,12,6,70,0,97,3,75,0,81,4,26829,00,0,00,26842,25,26850,10,26837,37,12,73,25,99,0,00,-37,50,-700,00,,3,1
2026-04-22,09:54,EXIT,SHORT,Pullback,61,2,25,5,12,6,70,0,97,3,75,0,81,4,26829,00,26845,25,26842,25,26850,50,26837,39,13,11,25,64,-32,50,-70,00,-732,50,BreatheWhipsaw,3,2
2026-04-22,10:02,ENTRY,LONG,Ruptura,84,1,32,3,96,5,100,0,96,1,75,0,74,2,26896,25,0,00,26876,43,26854,79,26838,06,16,72,25,76,0,00,-70,00,-732,50,,4,2
2026-04-22,10:04,EXIT,LONG,Ruptura,84,1,32,3,96,5,100,0,96,1,75,0,74,2,26896,25,26882,50,26876,43,26855,25,26838,28,16,97,25,38,-27,50,-97,50,-760,00,BreatheWhipsaw,4,3
2026-04-22,10:08,ENTRY,LONG,Ruptura,80,8,33,2,93,9,100,0,90,3,50,0,77,1,26903,50,0,00,26881,35,26856,04,26838,64,17,40,28,20,0,00,-97,50,-760,00,,5,3
2026-04-22,10:20,EXIT,LONG,Ruptura,80,8,33,2,93,9,100,0,90,3,50,0,77,1,26903,50,26945,75,26930,50,26878,05,26840,72,37,33,26,17,84,50,-13,00,-675,50,TrailStop,5,3
2026-04-22,10:22,ENTRY,LONG,Ruptura,83,5,61,0,93,0,100,0,89,5,75,0,66,0,26970,75,0,00,26950,05,26884,56,26841,34,43,23,26,60,0,00,-13,00,-675,50,,6,3
2026-04-22,10:34,EXIT,LONG,Ruptura,83,5,61,0,93,0,100,0,89,5,75,0,66,0,26970,75,26967,50,26975,00,26923,35,26845,02,78,33,25,99,-6,50,-19,50,-682,00,TrailStop,6,3
2026-04-22,10:36,ENTRY,LONG,Tendencia,83,2,100,0,75,4,100,0,95,5,25,0,60,4,26950,75,0,00,26944,50,26927,98,26845,51,82,47,26,38,0,00,-19,50,-682,00,,7,3
2026-04-22,10:44,EXIT,LONG,Tendencia,83,2,100,0,75,4,100,0,95,5,25,0,60,4,26950,75,26963,50,26983,50,26949,74,26848,28,101,45,27,34,25,50,6,00,-656,50,TrailStop,7,3
2026-04-22,10:46,ENTRY,LONG,Tendencia,90,0,100,0,96,3,100,0,100,0,50,0,57,3,26978,75,0,00,26962,00,26955,59,26849,00,106,59,26,71,0,00,6,00,-656,50,,8,3
2026-04-22,10:54,EXIT,LONG,Tendencia,90,0,100,0,96,3,100,0,100,0,50,0,57,3,26978,75,26961,25,26967,50,26970,10,26851,73,118,38,24,57,-35,00,-29,00,-691,50,TrailStop,8,3
2026-04-22,11:02,ENTRY,SHORT,Tendencia,70,3,100,0,82,7,40,0,88,5,50,0,48,9,26948,25,0,00,26972,82,26972,81,26854,47,118,35,24,32,0,00,-29,00,-691,50,,9,3
2026-04-22,11:08,EXIT,SHORT,Tendencia,70,3,100,0,82,7,40,0,88,5,50,0,48,9,26948,25,26972,25,26972,82,26970,61,26856,57,114,05,23,83,-48,00,-77,00,-739,50,BreatheWhipsaw,9,4
2026-04-22,11:22,ENTRY,LONG,Ruptura,84,7,100,0,88,9,100,0,100,0,100,0,37,5,26989,75,0,00,26981,00,26969,70,26862,87,106,83,20,35,0,00,-77,00,-739,50,,10,4
2026-04-22,11:28,EXIT,LONG,Ruptura,84,7,100,0,88,9,100,0,100,0,100,0,37,5,26989,75,26983,50,26981,00,26972,15,26865,72,106,43,19,76,-12,50,-89,50,-752,00,TrailStop,10,4
2026-04-22,11:30,ENTRY,LONG,Tendencia,75,5,100,0,33,6,100,0,100,0,50,0,38,3,26990,25,0,00,26980,75,26972,78,26866,65,106,12,20,35,0,00,-89,50,-752,00,,11,4
2026-04-22,11:38,EXIT,LONG,Tendencia,75,5,100,0,33,6,100,0,100,0,50,0,38,3,26990,25,26998,50,26980,75,26978,34,26870,21,108,13,19,44,16,50,-73,00,-735,50,TrailStop,11,4
2026-04-22,11:40,ENTRY,LONG,Tendencia,61,1,100,0,15,0,100,0,20,0,25,0,36,2,26996,50,0,00,26984,75,26979,53,26871,09,108,43,19,12,0,00,-73,00,-735,50,,12,4
2026-04-22,11:44,EXIT,LONG,Tendencia,61,1,100,0,15,0,100,0,20,0,25,0,36,2,26996,50,26976,50,26984,75,26983,33,26872,69,110,64,19,53,-40,00,-113,00,-775,50,BreatheWhipsaw,12,5
2026-04-22,13:10,ENTRY,LONG,Ruptura,82,4,96,1,100,0,100,0,90,6,50,0,45,8,27005,50,0,00,26993,05,26980,85,26904,00,76,85,16,26,0,00,-113,00,-775,50,,13,5
2026-04-22,13:48,EXIT,LONG,Ruptura,82,4,96,1,100,0,100,0,90,6,50,0,45,8,27005,50,27032,25,27024,84,27030,25,26923,02,107,23,14,51,53,50,-59,50,-722,00,TrailStop,13,5
2026-04-22,13:50,ENTRY,LONG,Tendencia,76,1,100,0,51,5,100,0,39,7,75,0,43,9,27040,75,0,00,27025,63,27032,00,26924,10,107,90,14,62,0,00,-59,50,-722,00,,14,5
2026-04-22,14:02,EXIT,LONG,Tendencia,76,1,100,0,51,5,100,0,39,7,75,0,43,9,27040,75,27033,00,27025,63,27035,98,26930,48,105,50,13,08,-15,50,-75,00,-737,50,TrailStop,14,5
2026-04-22,14:04,ENTRY,LONG,Tendencia,88,9,100,0,91,9,100,0,92,2,75,0,37,8,27039,00,0,00,27031,50,27035,89,26931,56,104,33,12,76,0,00,-75,00,-737,50,,15,5
2026-04-22,14:08,EXIT,LONG,Tendencia,88,9,100,0,91,9,100,0,92,2,75,0,37,8,27039,00,27030,75,27031,50,27035,65,26933,75,101,90,12,20,-16,50,-91,50,-754,00,BreatheWhipsaw,15,6
2026-04-22,15:20,ENTRY,LONG,Ruptura,83,0,73,9,100,0,100,0,96,3,50,0,55,7,27051,00,0,00,27040,37,27023,13,26964,42,58,71,13,83,0,00,-91,50,-754,00,,16,6
2026-04-22,15:24,EXIT,LONG,Ruptura,83,0,73,9,100,0,100,0,96,3,50,0,55,7,27051,00,27042,75,27040,37,27025,75,26966,45,59,31,13,82,-16,50,-108,00,-770,50,BreatheWhipsaw,16,7
2026-04-23,09:32,ENTRY,SHORT,Ruptura,62,1,53,5,70,9,40,0,100,0,50,0,55,3,26982,25,0,00,27002,00,27013,05,26978,89,34,16,18,00,0,00,0,00,-770,50,,1,0
2026-04-23,09:34,EXIT,SHORT,Ruptura,62,1,53,5,70,9,40,0,100,0,50,0,55,3,26982,25,26998,75,27002,00,27012,68,26978,90,33,77,19,30,-33,00,-33,00,-803,50,BreatheWhipsaw,1,1
2026-04-23,09:36,ENTRY,LONG,Ruptura,77,5,53,6,79,7,100,0,82,5,75,0,61,6,27022,75,0,00,27000,81,27013,39,26979,03,34,36,20,19,0,00,-33,00,-803,50,,2,1
2026-04-23,09:52,EXIT,LONG,Ruptura,77,5,53,6,79,7,100,0,82,5,75,0,61,6,27022,75,27069,50,27065,00,27030,59,26981,82,48,77,26,16,93,50,60,50,-710,00,TrailStop,2,1
2026-04-23,09:54,ENTRY,LONG,Tendencia,61,4,67,6,10,0,100,0,52,0,50,0,73,2,27071,50,0,00,27059,50,27033,34,26982,23,51,11,25,81,0,00,60,50,-710,00,,3,1
2026-04-23,09:56,EXIT,LONG,Tendencia,61,4,67,6,10,0,100,0,52,0,50,0,73,2,27071,50,27049,00,27059,50,27035,01,26982,51,52,51,26,16,-45,00,15,50,-755,00,BreatheWhipsaw,3,2
2026-04-23,10:54,ENTRY,LONG,Ruptura,82,4,61,2,94,1,100,0,100,0,75,0,51,2,27073,50,0,00,27055,25,27031,80,26988,35,43,45,24,83,0,00,15,50,-755,00,,4,2
2026-04-23,11:10,EXIT,LONG,Ruptura,82,4,61,2,94,1,100,0,100,0,75,0,51,2,27073,50,27115,00,27093,50,27068,09,26993,39,74,70,22,54,83,00,98,50,-672,00,TrailStop,4,2
2026-04-23,11:12,ENTRY,LONG,Tendencia,91,1,98,2,100,0,100,0,100,0,75,0,40,4,27128,75,0,00,27115,00,27072,75,26994,22,78,53,21,98,0,00,98,50,-672,00,,5,2
2026-04-23,11:16,EXIT,LONG,Tendencia,91,1,98,2,100,0,100,0,100,0,75,0,40,4,27128,75,27111,25,27115,00,27080,53,26995,79,84,74,21,49,-35,00,63,50,-707,00,BreatheWhipsaw,5,3
2026-04-23,12:26,ENTRY,LONG,Ruptura,83,5,68,3,99,0,100,0,100,0,75,0,46,9,27104,00,0,00,27087,00,27077,41,27025,40,52,01,20,00,0,00,63,50,-707,00,,6,3
2026-04-23,12:30,EXIT,LONG,Ruptura,83,5,68,3,99,0,100,0,100,0,75,0,46,9,27104,00,27088,50,27087,00,27076,93,27026,84,50,09,19,16,-31,00,32,50,-738,00,BreatheWhipsaw,6,4
2026-04-23,12:36,ENTRY,LONG,Ruptura,81,7,68,1,96,2,100,0,81,4,100,0,43,1,27116,00,0,00,27102,25,27080,90,27029,21,51,69,18,23,0,00,32,50,-738,00,,7,4
2026-04-23,12:38,EXIT,LONG,Ruptura,81,7,68,1,96,2,100,0,81,4,100,0,43,1,27116,00,27098,75,27102,25,27081,78,27029,97,51,81,18,57,-34,50,-2,00,-772,50,BreatheWhipsaw,7,5
2026-04-23,13:10,ENTRY,SHORT,Ruptura,83,5,54,2,100,0,70,0,100,0,100,0,70,4,26954,00,0,00,26974,78,27075,83,27040,75,35,08,27,37,0,00,-2,00,-772,50,,8,5
2026-04-23,13:26,EXIT,SHORT,Ruptura,83,5,54,2,100,0,70,0,100,0,100,0,70,4,26954,00,26885,25,26891,75,26997,53,27038,59,41,06,32,49,137,50,135,50,-635,00,TrailStop,8,5
2026-04-23,13:28,ENTRY,SHORT,Tendencia,65,2,66,8,49,0,100,0,32,9,25,0,78,6,26904,50,0,00,26932,75,26988,21,27038,34,50,12,34,06,0,00,135,50,-635,00,,9,5
2026-04-23,13:36,EXIT,SHORT,Tendencia,65,2,66,8,49,0,100,0,32,9,25,0,78,6,26904,50,26925,50,26932,75,26946,71,27036,98,90,26,36,20,-42,00,93,50,-677,00,TrailStop,9,5
2026-04-23,13:38,ENTRY,SHORT,Tendencia,92,1,100,0,93,3,100,0,100,0,50,0,84,1,26863,75,0,00,26893,93,26934,75,27036,41,101,66,39,24,0,00,93,50,-677,00,,10,5
2026-04-23,13:50,EXIT,SHORT,Tendencia,92,1,100,0,93,3,100,0,100,0,50,0,84,1,26863,75,26747,75,26761,25,26861,63,27030,12,168,50,45,33,232,00,325,50,-445,00,TrailStop,10,5
2026-04-24,09:32,ENTRY,SHORT,Pullback,62,3,80,7,10,0,40,0,69,2,100,0,53,6,27207,25,0,00,27223,50,27237,36,27172,83,64,54,19,63,0,00,0,00,-445,00,,1,0
2026-04-24,09:34,EXIT,SHORT,Pullback,62,3,80,7,10,0,40,0,69,2,100,0,53,6,27207,25,27223,50,27223,50,27238,23,27173,59,64,63,21,01,-32,50,-32,50,-477,50,BreatheWhipsaw,1,1
2026-04-24,09:40,ENTRY,LONG,Tendencia,83,5,75,7,81,8,100,0,89,4,75,0,67,9,27252,00,0,00,27227,85,27236,38,27175,80,60,57,25,20,0,00,-32,50,-477,50,,2,1
2026-04-24,09:44,EXIT,LONG,Tendencia,83,5,75,7,81,8,100,0,89,4,75,0,67,9,27252,00,27212,50,27227,85,27235,64,27177,17,58,47,26,72,-79,00,-111,50,-556,50,BreatheWhipsaw,2,2
2026-04-24,09:56,ENTRY,SHORT,Ruptura,83,2,61,1,88,7,70,0,100,0,100,0,79,7,27157,00,0,00,27178,19,27223,66,27180,35,43,31,32,25,0,00,-111,50,-556,50,,3,2
2026-04-24,09:58,EXIT,SHORT,Ruptura,83,2,61,1,88,7,70,0,100,0,100,0,79,7,27157,00,27184,00,27178,19,27219,95,27180,74,39,21,33,82,-54,00,-165,50,-610,50,BreatheWhipsaw,3,3
2026-04-24,10:58,ENTRY,LONG,Ruptura,85,2,52,0,100,0,100,0,100,0,100,0,50,0,27295,75,0,00,27273,69,27232,84,27200,41,32,43,30,07,0,00,-165,50,-610,50,,4,3
2026-04-24,11:12,EXIT,LONG,Ruptura,85,2,52,0,100,0,100,0,100,0,100,0,50,0,27295,75,27301,00,27293,25,27261,45,27206,54,54,91,24,37,10,50,-155,00,-600,00,TrailStop,4,3
2026-04-24,11:14,ENTRY,LONG,Pullback,84,9,75,6,69,8,100,0,98,1,100,0,33,2,27310,00,0,00,27300,50,27268,09,27207,61,60,48,23,59,0,00,-155,00,-600,00,,5,3
2026-04-24,11:20,EXIT,LONG,Pullback,84,9,75,6,69,8,100,0,98,1,100,0,33,2,27310,00,27302,25,27300,50,27283,30,27210,77,72,53,22,06,-15,50,-170,50,-615,50,TrailStop,5,3
2026-04-24,11:22,ENTRY,LONG,Tendencia,66,1,94,0,27,6,100,0,40,5,50,0,30,0,27311,50,0,00,27295,00,27287,08,27211,85,75,23,21,95,0,00,-170,50,-615,50,,6,3
2026-04-24,11:36,EXIT,LONG,Tendencia,66,1,94,0,27,6,100,0,40,5,50,0,30,0,27311,50,27326,25,27324,00,27310,03,27220,01,90,02,21,04,29,50,-141,00,-586,00,TrailStop,6,3
2026-04-24,11:38,ENTRY,LONG,Tendencia,79,4,100,0,75,9,100,0,86,9,25,0,30,0,27315,50,0,00,27315,00,27311,09,27221,15,89,94,20,53,0,00,-141,00,-586,00,,7,3
2026-04-24,11:40,EXIT,LONG,Tendencia,79,4,100,0,75,9,100,0,86,9,25,0,30,0,27315,50,27313,00,27315,00,27312,25,27222,24,90,01,20,30,-5,00,-146,00,-591,00,BreatheWhipsaw,7,4
2026-04-24,12:32,ENTRY,LONG,Ruptura,82,0,100,0,95,2,100,0,100,0,50,0,41,2,27419,00,0,00,27404,34,27391,38,27259,33,132,04,21,21,0,00,-146,00,-591,00,,8,4
2026-04-24,12:40,EXIT,LONG,Ruptura,82,0,100,0,95,2,100,0,100,0,50,0,41,2,27419,00,27415,25,27414,25,27396,61,27265,65,130,97,19,69,-7,50,-153,50,-598,50,TrailStop,8,4
2026-04-24,12:42,ENTRY,LONG,Tendencia,82,4,100,0,88,9,100,0,83,3,25,0,37,6,27406,75,0,00,27404,50,27397,43,27267,12,130,30,19,08,0,00,-153,50,-598,50,,9,4
2026-04-24,12:44,EXIT,LONG,Tendencia,82,4,100,0,88,9,100,0,83,3,25,0,37,6,27406,75,27384,25,27404,50,27397,29,27268,41,128,88,19,86,-45,00,-198,50,-643,50,BreatheWhipsaw,9,5
2026-04-24,15:10,ENTRY,LONG,Ruptura,85,4,100,0,100,0,100,0,100,0,75,0,39,4,27433,75,0,00,27422,76,27409,46,27328,82,80,65,12,32,0,00,-198,50,-643,50,,10,5
2026-04-24,15:22,EXIT,LONG,Ruptura,85,4,100,0,100,0,100,0,100,0,75,0,39,4,27433,75,27439,75,27444,00,27420,85,27334,35,86,50,12,03,12,00,-186,50,-631,50,TrailStop,10,5
2026-04-24,15:24,ENTRY,LONG,Tendencia,62,6,100,0,10,0,100,0,41,4,25,0,39,1,27439,75,0,00,27435,50,27422,69,27335,32,87,37,11,80,0,00,-186,50,-631,50,,11,5
2026-04-24,15:26,EXIT,LONG,Tendencia,62,6,100,0,10,0,100,0,41,4,25,0,39,1,27439,75,27425,50,27435,50,27423,93,27336,20,87,73,12,06,-28,50,-215,00,-660,00,BreatheWhipsaw,11,6
2026-04-27,09:32,ENTRY,SHORT,Ruptura,64,5,51,0,35,6,100,0,71,0,50,0,74,1,27381,25,0,00,27404,55,27411,81,27443,01,31,20,18,30,0,00,0,00,-660,00,,1,0
2026-04-27,09:38,EXIT,SHORT,Ruptura,64,5,51,0,35,6,100,0,71,0,50,0,74,1,27381,25,27398,75,27404,55,27405,34,27442,17,36,84,21,86,-35,00,-35,00,-695,00,BreatheWhipsaw,1,1
2026-04-27,09:42,ENTRY,SHORT,Pullback,68,3,57,2,10,0,100,0,74,3,75,0,83,0,27390,00,0,00,27400,50,27403,13,27441,75,38,62,22,74,0,00,-35,00,-695,00,,2,1
2026-04-27,09:46,EXIT,SHORT,Pullback,68,3,57,2,10,0,100,0,74,3,75,0,83,0,27390,00,27360,25,27400,50,27400,81,27441,14,40,32,24,98,59,50,24,50,-635,50,BreatheWhipsaw,2,2
2026-04-27,09:52,ENTRY,SHORT,Ruptura,90,4,67,2,100,0,100,0,100,0,50,0,93,4,27306,25,0,00,27328,00,27389,21,27439,88,50,67,29,00,0,00,24,50,-635,50,,3,2
2026-04-27,09:54,EXIT,SHORT,Ruptura,90,4,67,2,100,0,100,0,100,0,50,0,93,4,27306,25,27341,75,27328,00,27385,33,27439,45,54,13,30,43,-71,00,-46,50,-706,50,BreatheWhipsaw,3,3
2026-04-27,10:32,ENTRY,SHORT,Ruptura,87,1,77,9,89,7,100,0,100,0,100,0,59,7,27332,00,0,00,27354,26,27372,71,27435,01,62,30,27,01,0,00,-46,50,-706,50,,4,3
2026-04-27,10:36,EXIT,SHORT,Ruptura,87,1,77,9,89,7,100,0,100,0,100,0,59,7,27332,00,27397,75,27354,26,27373,13,27434,40,61,27,28,86,-131,50,-178,00,-838,00,BreatheWhipsaw,4,4
2026-04-27,11:04,ENTRY,SHORT,Ruptura,84,0,84,7,95,0,100,0,100,0,75,0,46,2,27342,00,0,00,27361,09,27363,64,27431,37,67,74,24,78,0,00,-178,00,-838,00,,5,4
2026-04-27,11:10,EXIT,SHORT,Ruptura,84,0,84,7,95,0,100,0,100,0,75,0,46,2,27342,00,27356,25,27361,09,27361,58,27430,44,68,86,23,77,-28,50,-206,50,-866,50,TrailStop,5,4
2026-04-27,11:12,ENTRY,SHORT,Tendencia,62,5,84,5,10,0,100,0,52,0,50,0,41,6,27353,50,0,00,27364,75,27362,54,27430,10,67,57,23,59,0,00,-206,50,-866,50,,6,4
2026-04-27,11:28,EXIT,SHORT,Tendencia,62,5,84,5,10,0,100,0,52,0,50,0,41,6,27353,50,27340,00,27329,25,27349,63,27426,35,76,73,22,03,27,00,-179,50,-839,50,TrailStop,6,4
2026-04-27,11:30,ENTRY,SHORT,Tendencia,81,5,97,0,80,2,100,0,100,0,25,0,36,5,27345,00,0,00,27345,75,27348,24,27425,88,77,64,21,41,0,00,-179,50,-839,50,,7,4
2026-04-27,11:32,EXIT,SHORT,Tendencia,81,5,97,0,80,2,100,0,100,0,25,0,36,5,27345,00,27348,75,27345,75,27346,83,27425,42,78,60,21,04,-7,50,-187,00,-847,00,BreatheWhipsaw,7,5
2026-04-28,09:32,ENTRY,SHORT,Tendencia,91,0,100,0,100,0,100,0,100,0,50,0,60,2,27086,75,0,00,27103,77,27136,61,27242,22,105,60,24,69,0,00,0,00,-847,00,,1,0
2026-04-28,09:34,EXIT,SHORT,Tendencia,91,0,100,0,100,0,100,0,100,0,50,0,60,2,27086,75,27135,00,27103,77,27137,29,27241,22,103,93,27,78,-96,50,-96,50,-943,50,BreatheWhipsaw,1,1
2026-04-28,09:36,ENTRY,LONG,Tendencia,74,9,100,0,84,1,40,0,85,1,75,0,71,0,27174,25,0,00,27139,93,27139,10,27240,40,101,30,29,57,0,00,-96,50,-943,50,,2,1
2026-04-28,09:54,EXIT,LONG,Tendencia,74,9,100,0,84,1,40,0,85,1,75,0,71,0,27174,25,27185,00,27211,75,27168,13,27234,60,66,47,31,24,21,50,-75,00,-922,00,TrailStop,2,1
2026-04-28,09:56,ENTRY,SHORT,Pullback,88,9,79,3,75,0,100,0,91,9,100,0,69,6,27160,50,0,00,27188,58,27170,31,27233,73,63,42,31,78,0,00,-75,00,-922,00,,3,1
2026-04-28,10:00,EXIT,SHORT,Pullback,88,9,79,3,75,0,100,0,91,9,100,0,69,6,27160,50,27201,25,27188,58,27176,96,27232,26,55,29,33,18,-81,50,-156,50,-1003,50,BreatheWhipsaw,3,2
2026-04-28,10:36,ENTRY,SHORT,Ruptura,81,9,52,6,85,2,100,0,93,1,100,0,57,0,27112,25,0,00,27134,94,27185,51,27218,66,33,14,29,92,0,00,-156,50,-1003,50,,4,2
2026-04-28,10:44,EXIT,SHORT,Ruptura,81,9,52,6,85,2,100,0,93,1,100,0,57,0,27112,25,27088,75,27086,25,27162,89,27213,72,50,83,32,30,47,00,-109,50,-956,50,TrailStop,4,2
2026-04-28,10:48,ENTRY,SHORT,Tendencia,73,7,76,0,56,2,100,0,100,0,25,0,59,5,27093,75,0,00,27103,00,27150,74,27211,55,60,81,33,08,0,00,-109,50,-956,50,,5,2
2026-04-28,10:50,EXIT,SHORT,Tendencia,73,7,76,0,56,2,100,0,100,0,25,0,59,5,27093,75,27059,25,27103,00,27142,65,27210,28,67,63,34,04,69,00,-40,50,-887,50,BreatheWhipsaw,5,3
2026-04-28,10:52,ENTRY,SHORT,Ruptura,84,7,94,0,81,9,100,0,100,0,75,0,61,8,27031,50,0,00,27055,35,27133,66,27208,89,75,23,35,13,0,00,-40,50,-887,50,,6,3
2026-04-28,10:54,EXIT,SHORT,Ruptura,84,7,94,0,81,9,100,0,100,0,75,0,61,8,27031,50,27036,75,27055,35,27125,43,27207,50,82,07,35,21,-10,50,-51,00,-898,00,BreatheWhipsaw,6,4
2026-04-28,11:32,ENTRY,SHORT,Ruptura,84,2,100,0,99,5,100,0,100,0,50,0,46,4,27024,50,0,00,27047,80,27063,23,27180,98,117,75,30,73,0,00,-51,00,-898,00,,7,4
2026-04-28,11:40,EXIT,SHORT,Ruptura,84,2,100,0,99,5,100,0,100,0,50,0,46,4,27024,50,27039,75,27047,80,27058,23,27174,72,116,50,29,48,-30,50,-81,50,-928,50,TrailStop,7,4
2026-04-28,11:42,ENTRY,SHORT,Tendencia,60,8,100,0,10,0,100,0,20,0,25,0,43,1,27040,75,0,00,27054,75,27055,81,27173,20,117,39,28,84,0,00,-81,50,-928,50,,8,4
2026-04-28,11:52,EXIT,SHORT,Tendencia,60,8,100,0,10,0,100,0,20,0,25,0,43,1,27040,75,27028,50,27033,75,27046,98,27165,52,118,54,26,38,24,50,-57,00,-904,00,TrailStop,8,4
2026-04-28,11:54,ENTRY,SHORT,Tendencia,67,5,100,0,35,8,100,0,40,8,25,0,38,0,27037,75,0,00,27046,00,27044,86,27163,96,119,10,25,89,0,00,-57,00,-904,00,,9,4
2026-04-28,11:58,EXIT,SHORT,Tendencia,67,5,100,0,35,8,100,0,40,8,25,0,38,0,27037,75,27049,50,27046,00,27040,89,27161,02,120,13,25,38,-23,50,-80,50,-927,50,BreatheWhipsaw,9,5
2026-04-28,14:20,ENTRY,LONG,Ruptura,80,2,51,1,92,9,100,0,100,0,100,0,34,6,27160,25,0,00,27153,00,27134,24,27102,97,31,26,13,00,0,00,-80,50,-927,50,,10,5
2026-04-28,14:36,EXIT,LONG,Ruptura,80,2,51,1,92,9,100,0,100,0,100,0,34,6,27160,25,27153,00,27153,00,27150,91,27105,10,45,81,13,44,-14,50,-95,00,-942,00,TrailStop,10,5
2026-04-28,14:40,ENTRY,LONG,Pullback,80,8,64,3,89,9,100,0,100,0,75,0,39,5,27165,00,0,00,27154,36,27152,86,27105,69,47,17,13,19,0,00,-95,00,-942,00,,11,5
2026-04-28,14:56,EXIT,LONG,Pullback,80,8,64,3,89,9,100,0,100,0,75,0,39,5,27165,00,27179,25,27184,00,27169,88,27109,13,60,74,12,70,28,50,-66,50,-913,50,TrailStop,11,5
2026-04-28,15:00,ENTRY,LONG,Tendencia,86,3,78,6,100,0,100,0,100,0,75,0,41,3,27194,75,0,00,27185,13,27173,01,27110,14,62,87,12,50,0,00,-66,50,-913,50,,12,5
2026-04-28,15:12,EXIT,LONG,Tendencia,86,3,78,6,100,0,100,0,100,0,75,0,41,3,27194,75,27220,25,27209,25,27184,20,27114,69,69,51,12,84,51,00,-15,50,-862,50,TrailStop,12,5
2026-04-28,15:14,ENTRY,LONG,Tendencia,69,0,89,3,33,3,100,0,79,6,25,0,45,0,27214,75,0,00,27212,50,27186,94,27115,48,71,46,12,73,0,00,-15,50,-862,50,,13,5
2026-04-28,15:16,EXIT,LONG,Tendencia,69,0,89,3,33,3,100,0,79,6,25,0,45,0,27214,75,27195,75,27212,50,27189,09,27116,06,73,03,13,32,-38,00,-53,50,-900,50,BreatheWhipsaw,13,6
2026-04-29,09:32,ENTRY,SHORT,Pullback,73,3,37,7,50,6,100,0,92,9,75,0,73,2,27172,75,0,00,27186,92,27225,64,27246,42,20,79,18,42,0,00,0,00,-900,50,,1,0
2026-04-29,09:38,EXIT,SHORT,Pullback,73,3,37,7,50,6,100,0,92,9,75,0,73,2,27172,75,27180,50,27186,92,27215,38,27244,76,29,39,23,17,-15,50,-15,50,-916,00,BreatheWhipsaw,1,1
2026-04-29,09:40,ENTRY,SHORT,Ruptura,62,6,50,9,10,0,100,0,100,0,25,0,87,5,27183,00,0,00,27185,25,27213,26,27244,35,31,09,23,48,0,00,-15,50,-916,00,,2,1
2026-04-29,09:42,EXIT,SHORT,Ruptura,62,6,50,9,10,0,100,0,100,0,25,0,87,5,27183,00,27181,25,27185,25,27210,26,27243,88,33,61,23,36,3,50,-12,00,-912,50,BreatheWhipsaw,2,2
2026-04-29,15:16,ENTRY,LONG,Ruptura,84,8,50,2,92,6,100,0,100,0,100,0,58,2,27328,50,0,00,27311,89,27263,01,27232,78,30,23,25,48,0,00,-12,00,-912,50,,3,2
2026-04-29,15:22,EXIT,LONG,Ruptura,84,8,50,2,92,6,100,0,100,0,100,0,58,2,27328,50,27308,50,27311,89,27276,95,27234,04,42,91,24,02,-40,00,-52,00,-952,50,TrailStop,3,2
2026-04-29,15:26,ENTRY,LONG,Pullback,80,5,68,8,75,3,100,0,100,0,75,0,51,7,27314,50,0,00,27306,00,27287,30,27234,73,52,57,23,40,0,00,-52,00,-952,50,,4,2
2026-04-29,15:32,EXIT,LONG,Pullback,80,5,68,8,75,3,100,0,100,0,75,0,51,7,27314,50,27289,75,27306,00,27297,56,27235,92,61,64,22,65,-49,50,-101,50,-1002,00,TrailStop,4,2
2026-04-29,15:34,ENTRY,SHORT,Pullback,71,9,77,7,69,1,40,0,78,9,100,0,50,4,27272,25,0,00,27296,82,27298,26,27236,13,62,13,23,32,0,00,-101,50,-1002,00,,5,2
2026-04-29,15:40,EXIT,SHORT,Pullback,71,9,77,7,69,1,40,0,78,9,100,0,50,4,27272,25,27296,00,27296,82,27298,64,27237,07,61,57,21,63,-47,50,-149,00,-1049,50,BreatheWhipsaw,5,3
